Count,Name,Card Number,Edition,Language
,Discarding,9,Jumpstart Front Cards,English
1,"Tinybones, Trinket Thief",17,Jumpstart,English
1,Thriving Moor,37,Jumpstart,English
1,Swamp,55,Jumpstart,English
1,Assassin's Strike,200,Jumpstart,English
1,Burglar Rat,214,Jumpstart,English
1,Death's Approach,222,Jumpstart,English
1,Entomber Exarch,227,Jumpstart,English
1,Fell Specter,233,Jumpstart,English
1,Phyrexian Rager,266,Jumpstart,English
1,Ravenous Chupacabra,269,Jumpstart,English
1,Slate Street Ruffian,279,Jumpstart,English
2,Wight of Precinct Six,287,Jumpstart,English
1,Mind Rot,115,Core Set 2021,English
6,Swamp,,Core Set 2021,English
