Count,Name,Foil,Card Number,Edition,Language
1,"Oloro, Ageless Ascetic",foil,7,Oversized: Commander 2013,English
1,Sharuum the Hegemon,foil,12,Oversized: Commander 2013,English
1,"Sydri, Galvanic Genius",foil,14,Oversized: Commander 2013,English
1,Act of Authority,,1,Commander 2013,English
1,Ajani's Pridemate,,3,Commander 2013,English
1,Azorius Herald,,6,Commander 2013,English
1,Cradle of Vitality,,7,Commander 2013,English
1,Curse of the Forsaken,,8,Commander 2013,English
1,Darksteel Mutation,,9,Commander 2013,English
1,"Kongming, ""Sleeping Dragon""",,16,Commander 2013,English
1,Razor Hippogriff,,19,Commander 2013,English
1,Serene Master,,20,Commander 2013,English
1,Serra Avatar,,21,Commander 2013,English
1,Survival Cache,,23,Commander 2013,English
1,Wall of Reverence,,26,Commander 2013,English
1,Brilliant Plan,,34,Commander 2013,English
1,Curse of Inertia,,36,Commander 2013,English
1,Deep Analysis,,38,Commander 2013,English
1,Diviner Spirit,,40,Commander 2013,English
1,Order of Succession,,52,Commander 2013,English
1,Raven Familiar,,55,Commander 2013,English
1,Sharding Sphinx,,56,Commander 2013,English
1,Stormscape Battlemage,,58,Commander 2013,English
1,Tidal Force,,62,Commander 2013,English
1,Curse of Shallow Graves,,71,Commander 2013,English
1,Disciple of Griselbrand,,74,Commander 2013,English
1,Famine,,77,Commander 2013,English
1,Greed,,79,Commander 2013,English
1,Hooded Horror,,80,Commander 2013,English
1,Marrow Bats,,82,Commander 2013,English
1,Phyrexian Delver,,86,Commander 2013,English
1,Phyrexian Gargantua,,87,Commander 2013,English
1,Phyrexian Reclamation,,88,Commander 2013,English
1,Reckless Spite,,91,Commander 2013,English
1,Sanguine Bond,,92,Commander 2013,English
1,Tempt with Immortality,,95,Commander 2013,English
1,Toxic Deluge,,96,Commander 2013,English
1,Death Grasp,,183,Commander 2013,English
1,Dromar's Charm,,187,Commander 2013,English
1,Filigree Angel,,189,Commander 2013,English
1,Lim-Dul's Vault,,197,Commander 2013,English
1,"Oloro, Ageless Ascetic",,203,Commander 2013,English
1,Sharuum the Hegemon,,212,Commander 2013,English
1,Sphinx of the Steel Wind,,217,Commander 2013,English
1,Spinal Embrace,,218,Commander 2013,English
1,"Sydri, Galvanic Genius",,220,Commander 2013,English
1,Tidehollow Strix,,222,Commander 2013,English
1,Tower Gargoyle,,223,Commander 2013,English
1,Vizkopa Guildmage,,225,Commander 2013,English
1,Augury Adept,,227,Commander 2013,English
1,Divinity of Pride,,228,Commander 2013,English
1,Thopter Foundry,,234,Commander 2013,English
1,Crawlspace,,240,Commander 2013,English
1,Myr Battlesphere,,247,Commander 2013,English
1,Nevinyrral's Disk,,248,Commander 2013,English
1,Nihil Spellbomb,,249,Commander 2013,English
1,Obelisk of Esper,,250,Commander 2013,English
1,Pristine Talisman,,255,Commander 2013,English
1,Sol Ring,,259,Commander 2013,English
1,Sun Droplet,,261,Commander 2013,English
1,Swiftfoot Boots,,263,Commander 2013,English
1,Well of Lost Dreams,,271,Commander 2013,English
1,Arcane Sanctum,,273,Commander 2013,English
1,Azorius Chancery,,274,Commander 2013,English
1,Azorius Guildgate,,275,Commander 2013,English
1,Barren Moor,,277,Commander 2013,English
1,Command Tower,,281,Commander 2013,English
1,Dimir Guildgate,,284,Commander 2013,English
1,Esper Panorama,,286,Commander 2013,English
1,Evolving Wilds,,287,Commander 2013,English
1,Jwar Isle Refuge,,300,Commander 2013,English
1,Lonely Sandbar,,305,Commander 2013,English
1,Opal Palace,,310,Commander 2013,English
1,Orzhov Basilica,,311,Commander 2013,English
1,Orzhov Guildgate,,312,Commander 2013,English
1,Rupture Spire,,315,Commander 2013,English
1,Springjack Pasture,,326,Commander 2013,English
1,Temple of the False God,,327,Commander 2013,English
1,Transguild Promenade,,330,Commander 2013,English
2,Plains,,337,Commander 2013,English
2,Plains,,338,Commander 2013,English
3,Plains,,339,Commander 2013,English
2,Plains,,340,Commander 2013,English
1,Island,,341,Commander 2013,English
1,Island,,342,Commander 2013,English
2,Island,,343,Commander 2013,English
2,Island,,344,Commander 2013,English
3,Swamp,,345,Commander 2013,English
2,Swamp,,346,Commander 2013,English
2,Swamp,,347,Commander 2013,English
2,Swamp,,348,Commander 2013,English
