Count,Name,Foil,Card Number,Edition,Language
3,Samite Pilgrim,,15,Planeshift,English
2,Allied Strategies,,20,Planeshift,English
1,Confound,,22,Planeshift,English
2,Exotic Disease,,43,Planeshift,English
1,Kavu Recluse,,64,Planeshift,English
1,Gaea's Might,,81,Planeshift,English
1,Magnigoth Treefolk,,82,Planeshift,English
1,Primal Growth,,87,Planeshift,English
1,Quirion Dryad,,89,Planeshift,English
2,Quirion Explorer,,90,Planeshift,English
1,Rith's Charm,,122,Planeshift,English
1,Treva's Charm,,129,Planeshift,English
2,Stratadon,,135,Planeshift,English
2,Terminal Moraine,,142,Planeshift,English
1,Strength of Unity,,40,Invasion,English
1,Wayfaring Giant,,44,Invasion,English
2,Worldly Counsel,,89,Invasion,English
2,Exotic Curse,,105,Invasion,English
1,Breath of Darigaaz,,138,Invasion,English
2,Kavu Scout,,151,Invasion,English
3,Tribal Flames,,176,Invasion,English
3,Harrow,,189,Invasion,English
2,Quirion Trailblazer,,205,Invasion,English
1,Wandering Stream,,224,Invasion,English
1,Ordered Migration,,258,Invasion,English
1,Plains,,331,Invasion,English
1,Plains,,332,Invasion,English
1,Plains,,333,Invasion,English
1,Island,,335,Invasion,English
1,Island,,336,Invasion,English
1,Island,,337,Invasion,English
1,Swamp,,339,Invasion,English
1,Swamp,,340,Invasion,English
1,Swamp,,341,Invasion,English
1,Mountain,,343,Invasion,English
1,Mountain,,344,Invasion,English
1,Mountain,,345,Invasion,English
2,Forest,,347,Invasion,English
2,Forest,,348,Invasion,English
2,Forest,,349,Invasion,English
2,Forest,,350,Invasion,English
