Count,Name,Foil,Card Number,Edition,Language
1,Guard Gomazoa,,17,Planechase Anthology,English
2,Illusory Angel,,19,Planechase Anthology,English
1,Peregrine Drake,,22,Planechase Anthology,English
1,Primal Plasma,,23,Planechase Anthology,English
2,See Beyond,,25,Planechase Anthology,English
1,Sunken Hope,,26,Planechase Anthology,English
1,Whirlpool Warrior,,29,Planechase Anthology,English
1,Arc Trail,,39,Planechase Anthology,English
1,Erratic Explosion,,41,Planechase Anthology,English
2,Fiery Fall,,43,Planechase Anthology,English
1,Mass Mutiny,,48,Planechase Anthology,English
1,Rivals' Duel,,51,Planechase Anthology,English
1,Beast Within,,57,Planechase Anthology,English
1,Brutalizer Exarch,,61,Planechase Anthology,English
1,Cultivate,,62,Planechase Anthology,English
1,Ondu Giant,,71,Planechase Anthology,English
1,Bituminous Blast,,83,Planechase Anthology,English
2,Bloodbraid Elf,,84,Planechase Anthology,English
1,Deny Reality,,85,Planechase Anthology,English
1,Enigma Sphinx,,89,Planechase Anthology,English
1,Enlisted Wurm,,90,Planechase Anthology,English
1,Etherium-Horn Sorcerer,,91,Planechase Anthology,English
1,Fusion Elemental,,93,Planechase Anthology,English
1,Kathari Remnant,,98,Planechase Anthology,English
1,Last Stand,,100,Planechase Anthology,English
1,Maelstrom Wanderer,,101,Planechase Anthology,English
1,Noggle Ransacker,,102,Planechase Anthology,English
2,Shardless Agent,,104,Planechase Anthology,English
2,Armillary Sphere,,108,Planechase Anthology,English
1,Fractured Powerstone,,111,Planechase Anthology,English
1,Exotic Orchard,,117,Planechase Anthology,English
2,Rupture Spire,,124,Planechase Anthology,English
2,Shimmering Grotto,,126,Planechase Anthology,English
1,Terramorphic Expanse,,129,Planechase Anthology,English
1,Vivid Creek,,131,Planechase Anthology,English
2,Plains,,132,Planechase Anthology,English
5,Island,,137,Planechase Anthology,English
2,Swamp,,142,Planechase Anthology,English
4,Mountain,,147,Planechase Anthology,English
4,Forest,,151,Planechase Anthology,English
