Count,Name,Foil,Card Number,Edition,Language
1,"Animar, Soul of Elements",foil,1,Oversized: Commander,English
1,"Intet, the Dreamer",foil,4,Oversized: Commander,English
1,Riku of Two Reflections,foil,9,Oversized: Commander,English
1,Artisan of Kozilek,,1,Commander,English
1,Aethersnipe,,39,Commander,English
1,Brainstorm,,40,Commander,English
1,Conundrum Sphinx,,42,Commander,English
1,Ray of Command,,56,Commander,English
1,Spell Crumple,,63,Commander,English
1,Trench Gorger,,65,Commander,English
1,Vow of Flight,,68,Commander,English
1,Avatar of Fury,,110,Commander,English
1,Chain Reaction,,113,Commander,English
1,Chartooth Cougar,,115,Commander,English
1,Death by Dragons,,118,Commander,English
1,Disaster Radius,,119,Commander,English
1,Faultgrinder,,122,Commander,English
1,Magmatic Force,,128,Commander,English
1,Rapacious One,,133,Commander,English
1,Ruination,,134,Commander,English
1,Spitebellows,,135,Commander,English
1,Vow of Lightning,,138,Commander,English
1,Baloth Woodcrasher,,143,Commander,English
1,Collective Voyage,,147,Commander,English
1,Cultivate,,148,Commander,English
1,Deadwood Treefolk,,150,Commander,English
1,Elvish Aberration,,151,Commander,English
1,Explosive Vegetation,,153,Commander,English
1,Fierce Empath,,155,Commander,English
1,Garruk Wildspeaker,,157,Commander,English
1,Hunting Pack,,160,Commander,English
1,Hydra Omnivore,,161,Commander,English
1,Invigorate,,162,Commander,English
1,Kodama's Reach,,163,Commander,English
1,Krosan Tusker,,164,Commander,English
1,Magus of the Vineyard,,166,Commander,English
1,Tribute to the Wild,,175,Commander,English
1,Veteran Explorer,,177,Commander,English
1,Vow of Wildness,,178,Commander,English
1,"Animar, Soul of Elements",,181,Commander,English
1,Call the Skybreaker,,188,Commander,English
1,Colossal Might,,190,Commander,English
1,"Edric, Spymaster of Trest",,196,Commander,English
1,Electrolyze,,197,Commander,English
1,Fire // Ice,,198,Commander,English
1,Firespout,,199,Commander,English
1,Hull Breach,,203,Commander,English
1,"Intet, the Dreamer",,204,Commander,English
1,Nucklavee,,214,Commander,English
1,Prophetic Bolt,,219,Commander,English
1,Riku of Two Reflections,,220,Commander,English
1,Savage Twister,,222,Commander,English
1,Simic Sky Swallower,,226,Commander,English
1,Valley Rannet,,232,Commander,English
1,Vengeful Rebirth,,233,Commander,English
1,Armillary Sphere,,242,Commander,English
1,Gruul Signet,,250,Commander,English
1,Izzet Signet,,252,Commander,English
1,Lightning Greaves,,253,Commander,English
1,Prophetic Prism,,256,Commander,English
1,Simic Signet,,259,Commander,English
1,Sol Ring,,261,Commander,English
1,Command Tower,,269,Commander,English
1,Evolving Wilds,,272,Commander,English
1,Fungal Reaches,,274,Commander,English
1,Gruul Turf,,276,Commander,English
1,Homeward Path,,277,Commander,English
1,Izzet Boilerworks,,278,Commander,English
1,Kazandu Refuge,,280,Commander,English
1,Rupture Spire,,285,Commander,English
1,Simic Growth Chamber,,288,Commander,English
1,Temple of the False God,,290,Commander,English
1,Vivid Crag,,293,Commander,English
1,Vivid Creek,,294,Commander,English
1,Vivid Grove,,295,Commander,English
2,Island,,303,Commander,English
2,Island,,304,Commander,English
2,Island,,305,Commander,English
1,Island,,306,Commander,English
2,Mountain,,311,Commander,English
2,Mountain,,312,Commander,English
2,Mountain,,313,Commander,English
2,Mountain,,314,Commander,English
4,Forest,,315,Commander,English
3,Forest,,316,Commander,English
3,Forest,,317,Commander,English
3,Forest,,318,Commander,English
