Count,Name,Foil,Card Number,Edition,Language
1,Beastmaster Ascension,,92,Commander Anthology,English
1,Collective Unconscious,,97,Commander Anthology,English
1,Creeperhulk,,98,Commander Anthology,English
1,Desert Twister,,100,Commander Anthology,English
1,Drove of Elves,,101,Commander Anthology,English
1,Elvish Archdruid,,102,Commander Anthology,English
1,Elvish Mystic,,103,Commander Anthology,English
1,Elvish Skysweeper,,104,Commander Anthology,English
1,Elvish Visionary,,105,Commander Anthology,English
1,Essence Warden,,106,Commander Anthology,English
1,"Ezuri, Renegade Leader",,108,Commander Anthology,English
1,Farhaven Elf,,109,Commander Anthology,English
1,Fresh Meat,,110,Commander Anthology,English
1,"Freyalise, Llanowar's Fury",foil,111,Commander Anthology,English
1,Grave Sifter,,112,Commander Anthology,English
1,Grim Flowering,,114,Commander Anthology,English
1,Harrow,,115,Commander Anthology,English
1,Hunting Triad,,116,Commander Anthology,English
1,Immaculate Magistrate,,117,Commander Anthology,English
1,Imperious Perfect,,118,Commander Anthology,English
1,Joraga Warcaller,,120,Commander Anthology,English
1,Lifeblood Hydra,,124,Commander Anthology,English
1,Llanowar Elves,,125,Commander Anthology,English
1,Lys Alana Huntmaster,,126,Commander Anthology,English
1,Masked Admirers,,127,Commander Anthology,English
1,Overrun,,130,Commander Anthology,English
1,Overwhelming Stampede,,131,Commander Anthology,English
1,Praetor's Counsel,,134,Commander Anthology,English
1,Priest of Titania,,136,Commander Anthology,English
1,Primordial Sage,,138,Commander Anthology,English
1,Rampaging Baloths,,139,Commander Anthology,English
1,Reclamation Sage,,140,Commander Anthology,English
1,Siege Behemoth,,144,Commander Anthology,English
1,Silklash Spider,,145,Commander Anthology,English
1,Song of the Dryads,,147,Commander Anthology,English
1,Soul of the Harvest,,148,Commander Anthology,English
1,Sylvan Offering,,150,Commander Anthology,English
1,Sylvan Ranger,,151,Commander Anthology,English
1,Sylvan Safekeeper,,152,Commander Anthology,English
1,Terastodon,,153,Commander Anthology,English
1,Thornweald Archer,,154,Commander Anthology,English
1,Thunderfoot Baloth,,155,Commander Anthology,English
1,Timberwatch Elf,,156,Commander Anthology,English
1,"Titania, Protector of Argoth",,157,Commander Anthology,English
1,Titania's Chosen,,158,Commander Anthology,English
1,Tornado Elemental,,159,Commander Anthology,English
1,Wave of Vitriol,,165,Commander Anthology,English
1,Wellwisher,,166,Commander Anthology,English
1,Whirlwind,,167,Commander Anthology,English
1,Wolfbriar Elemental,,168,Commander Anthology,English
1,Wolfcaller's Howl,,169,Commander Anthology,English
1,Wood Elves,,170,Commander Anthology,English
1,Wren's Run Packmaster,,171,Commander Anthology,English
1,Assault Suit,,208,Commander Anthology,English
1,Commander's Sphere,,213,Commander Anthology,English
1,Emerald Medallion,,217,Commander Anthology,English
1,Loreseeker's Stone,,221,Commander Anthology,English
1,Moss Diamond,,222,Commander Anthology,English
1,"Predator, Flagship",,225,Commander Anthology,English
1,Seer's Sundial,,227,Commander Anthology,English
1,Skullclamp,,230,Commander Anthology,English
1,Sol Ring,,231,Commander Anthology,English
1,Swiftfoot Boots,,233,Commander Anthology,English
1,Crystal Vein,,246,Commander Anthology,English
1,Evolving Wilds,,247,Commander Anthology,English
1,Gargoyle Castle,,250,Commander Anthology,English
1,Ghost Quarter,,251,Commander Anthology,English
1,Haunted Fengraf,,255,Commander Anthology,English
1,Havenwood Battleground,,256,Commander Anthology,English
1,Jungle Basin,,258,Commander Anthology,English
1,Myriad Landscape,,261,Commander Anthology,English
1,"Oran-Rief, the Vastwood",,263,Commander Anthology,English
1,Slippery Karst,,275,Commander Anthology,English
1,Terramorphic Expanse,,278,Commander Anthology,English
1,Tranquil Thicket,,279,Commander Anthology,English
6,Forest,,310,Commander Anthology,English
6,Forest,,315,Commander Anthology,English
6,Forest,,316,Commander Anthology,English
7,Forest,,319,Commander Anthology,English
4,Beast,,8,Extras: Commander Anthology,English
4,Elemental,,9,Extras: Commander Anthology,English
4,Elf Druid,,11,Extras: Commander Anthology,English
1,Treefolk,,15,Extras: Commander Anthology,English
6,Wolf,,16,Extras: Commander Anthology,English
1,Gargoyle,,19,Extras: Commander Anthology,English
