Count,Name,Foil,Card Number,Edition,Language
1,Ascendant Evincar,,17,Planechase,English
1,Beacon of Unrest,,18,Planechase,English
1,Beseech the Queen,,19,Planechase,English
2,Cadaverous Knight,,20,Planechase,English
1,Consume Spirit,,21,Planechase,English
1,Corpse Harvester,,22,Planechase,English
1,Cruel Revival,,23,Planechase,English
2,Dark Ritual,,24,Planechase,English
1,Death Baron,,25,Planechase,English
1,Dregscape Zombie,,26,Planechase,English
2,Festering Goblin,,27,Planechase,English
1,Grave Pact,,28,Planechase,English
1,Gravedigger,,29,Planechase,English
1,Helldozer,,30,Planechase,English
1,Hideous End,,31,Planechase,English
1,Incremental Blight,,32,Planechase,English
1,Innocent Blood,,33,Planechase,English
1,Nefashu,,34,Planechase,English
1,Noxious Ghoul,,35,Planechase,English
1,Phyrexian Arena,,36,Planechase,English
2,Phyrexian Ghoul,,37,Planechase,English
1,Profane Command,,38,Planechase,English
1,Rotting Rats,,39,Planechase,English
1,Shepherd of Rot,,40,Planechase,English
1,Soulless One,,41,Planechase,English
1,Syphon Mind,,42,Planechase,English
1,Syphon Soul,,43,Planechase,English
2,Undead Warchief,,44,Planechase,English
1,Withered Wretch,,45,Planechase,English
1,Cabal Coffers,,132,Planechase,English
2,Leechridden Swamp,,135,Planechase,English
6,Swamp,,152,Planechase,English
6,Swamp,,153,Planechase,English
6,Swamp,,154,Planechase,English
5,Swamp,,155,Planechase,English
,,,,,
1,The Aether Flues,,2,Planechase,English
1,Cliffside Market,,5,Planechase,English
1,The Dark Barony,,6,Planechase,English
1,Fields of Summer,,10,Planechase,English
1,The Fourth Sphere,,11,Planechase,English
1,Grixis,,15,Planechase,English
1,Lethe Lake,,21,Planechase,English
1,Pools of Becoming,,30,Planechase,English
1,Raven's Run,,31,Planechase,English
1,Sea of Sand,,33,Planechase,English
