Count,Name,Foil,Card Number,Edition,Language
1,Saskia the Unyielding,foil,41,Oversized: Commander 2016,English
1,Charging Cinderhorn,,16,Commander 2016,English
1,Divergent Transformations,,17,Commander 2016,English
1,Frenzied Fugue,,18,Commander 2016,English
1,Evolutionary Escalation,,22,Commander 2016,English
1,Primeval Protector,,23,Commander 2016,English
1,Stonehoof Chieftain,,25,Commander 2016,English
1,Grave Upheaval,,31,Commander 2016,English
1,"Ravos, Soultender",foil,39,Commander 2016,English
1,Saskia the Unyielding,foil,41,Commander 2016,English
1,Sylvan Reclamation,,44,Commander 2016,English
1,"Tana, the Bloodsower",foil,45,Commander 2016,English
1,Treacherous Terrain,,47,Commander 2016,English
1,Tymna the Weaver,foil,48,Commander 2016,English
1,Conqueror's Flail,,53,Commander 2016,English
1,Ash Barrens,,56,Commander 2016,English
1,Blind Obedience,,59,Commander 2016,English
1,Mentor of the Meek,,69,Commander 2016,English
1,Mirror Entity,,70,Commander 2016,English
1,Brutal Hordechief,,108,Commander 2016,English
1,Wight of Precinct Six,,118,Commander 2016,English
1,"Alesha, Who Smiles at Death",,119,Commander 2016,English
1,Breath of Fury,,121,Commander 2016,English
1,Grab the Reins,,126,Commander 2016,English
1,Stalking Vengeance,,134,Commander 2016,English
1,Taurean Mauler,,135,Commander 2016,English
1,Beastmaster Ascension,,142,Commander 2016,English
1,Den Protector,,147,Commander 2016,English
1,Farseek,,149,Commander 2016,English
1,Managorger Hydra,,157,Commander 2016,English
1,Mycoloth,,158,Commander 2016,English
1,Quirion Explorer,,160,Commander 2016,English
1,Rampant Growth,,161,Commander 2016,English
1,Sakura-Tribe Elder,,164,Commander 2016,English
1,Shamanic Revelation,,167,Commander 2016,English
1,Sylvok Explorer,,169,Commander 2016,English
1,Thelonite Hermit,,171,Commander 2016,English
1,Thunderfoot Baloth,,172,Commander 2016,English
1,Wild Beastmaster,,176,Commander 2016,English
1,Abzan Charm,,177,Commander 2016,English
1,Ankle Shanker,,178,Commander 2016,English
1,Artifact Mutation,,179,Commander 2016,English
1,Aura Mutation,,180,Commander 2016,English
1,Boros Charm,,185,Commander 2016,English
1,Clan Defiance,,187,Commander 2016,English
1,Crackling Doom,,191,Commander 2016,English
1,Dauntless Escort,,192,Commander 2016,English
1,"Iroas, God of Victory",,205,Commander 2016,English
1,Korozda Guildmage,,208,Commander 2016,English
1,Lavalanche,,209,Commander 2016,English
1,Naya Charm,,214,Commander 2016,English
1,Necrogenesis,,215,Commander 2016,English
1,Terminate,,225,Commander 2016,English
1,Utter End,,226,Commander 2016,English
1,Wilderness Elemental,,230,Commander 2016,English
1,Zhur-Taa Druid,,232,Commander 2016,English
1,Everlasting Torment,,233,Commander 2016,English
1,Selesnya Guildmage,,235,Commander 2016,English
1,Order // Chaos,,240,Commander 2016,English
1,Commander's Sphere,,248,Commander 2016,English
1,Fellwar Stone,,254,Commander 2016,English
1,Gruul Signet,,256,Commander 2016,English
1,Lightning Greaves,,260,Commander 2016,English
1,Skullclamp,,271,Commander 2016,English
1,Sol Ring,,272,Commander 2016,English
1,Sunforger,,275,Commander 2016,English
1,Caves of Koilos,,285,Commander 2016,English
1,Command Tower,,286,Commander 2016,English
1,Dragonskull Summit,,292,Commander 2016,English
1,Evolving Wilds,,294,Commander 2016,English
1,Exotic Orchard,,295,Commander 2016,English
1,Grand Coliseum,,299,Commander 2016,English
1,Gruul Turf,,300,Commander 2016,English
1,Jungle Shrine,,304,Commander 2016,English
1,Karplusan Forest,,305,Commander 2016,English
1,Mosswort Bridge,,307,Commander 2016,English
1,Nomad Outpost,,311,Commander 2016,English
1,Orzhov Basilica,,314,Commander 2016,English
1,Rootbound Crag,,317,Commander 2016,English
1,Sandsteppe Citadel,,320,Commander 2016,English
1,Savage Lands,,321,Commander 2016,English
1,Spinerock Knoll,,327,Commander 2016,English
1,Sunpetal Grove,,329,Commander 2016,English
1,Terramorphic Expanse,,332,Commander 2016,English
1,Windbrisk Heights,,336,Commander 2016,English
1,Plains,,337,Commander 2016,English
1,Plains,,338,Commander 2016,English
1,Plains,,339,Commander 2016,English
1,Swamp,,343,Commander 2016,English
1,Swamp,,344,Commander 2016,English
1,Swamp,,345,Commander 2016,English
2,Mountain,,346,Commander 2016,English
1,Mountain,,347,Commander 2016,English
2,Mountain,,348,Commander 2016,English
2,Forest,,349,Commander 2016,English
1,Forest,,350,Commander 2016,English
2,Forest,,351,Commander 2016,English
10,Saproling // Saproling,,39,Extras: Commander 2016,English
