Count,Name,Card Number,Edition,Language
,Archaeology,3,Jumpstart Front Cards,English
2,Archaeomender,9,Jumpstart,English
1,Lightning-Core Excavator,32,Jumpstart,English
1,Thriving Isle,36,Jumpstart,English
1,Island,49,Jumpstart,English
1,Thirst for Knowledge,183,Jumpstart,English
1,Aether Spellbomb,456,Jumpstart,English
1,Jousting Dummy,470,Jumpstart,English
1,Juggernaut,471,Jumpstart,English
1,Meteor Golem,474,Jumpstart,English
1,Scarecrone,482,Jumpstart,English
1,Scuttlemutt,484,Jumpstart,English
1,Signpost Scarecrow,485,Jumpstart,English
1,Buried Ruin,491,Jumpstart,English
1,Short Sword,236,Core Set 2021,English
5,Island,,Core Set 2021,English
