Count,Name,Foil,Card Number,Edition,Language
1,"Arahbo, Roar of the World",foil,35,Oversized: Commander 2017,English
1,Alms Collector,,1,Commander 2017,English
1,"Balan, Wandering Knight",,2,Commander 2017,English
1,Curse of Vitality,,3,Commander 2017,English
1,Stalking Leonin,,7,Commander 2017,English
1,Curse of Bounty,,30,Commander 2017,English
1,Hungry Lynx,,31,Commander 2017,English
1,Kindred Summons,,32,Commander 2017,English
1,Qasali Slingers,,33,Commander 2017,English
1,Traverse the Outlands,,34,Commander 2017,English
1,"Arahbo, Roar of the World",foil,35,Commander 2017,English
1,"Mirri, Weatherlight Duelist",foil,43,Commander 2017,English
1,"Nazahn, Revered Bladesmith",foil,44,Commander 2017,English
1,Bloodforged Battle-Axe,,50,Commander 2017,English
1,Hammer of Nazahn,,51,Commander 2017,English
1,Heirloom Blade,,52,Commander 2017,English
1,Herald's Horn,,53,Commander 2017,English
1,Path of Ancestry,,56,Commander 2017,English
1,Condemn,,58,Commander 2017,English
1,Divine Reckoning,,59,Commander 2017,English
1,"Jareth, Leonine Titan",,61,Commander 2017,English
1,Jazal Goldmane,,62,Commander 2017,English
1,"Kemba, Kha Regent",,63,Commander 2017,English
1,Leonin Arbiter,,64,Commander 2017,English
1,Leonin Relic-Warder,,65,Commander 2017,English
1,Leonin Shikari,,66,Commander 2017,English
1,Oreskos Explorer,,68,Commander 2017,English
1,Raksha Golden Cub,,69,Commander 2017,English
1,Rout,,71,Commander 2017,English
1,Seht's Tiger,,72,Commander 2017,English
1,Spirit of the Hearth,,73,Commander 2017,English
1,Sunspear Shikari,,75,Commander 2017,English
1,Taj-Nar Swordsmith,,77,Commander 2017,English
1,White Sun's Zenith,,78,Commander 2017,English
1,Wing Shards,,79,Commander 2017,English
1,Abundance,,145,Commander 2017,English
1,Crushing Vines,,146,Commander 2017,English
1,Cultivate,,147,Commander 2017,English
1,Harmonize,,151,Commander 2017,English
1,Hunter's Prowess,,152,Commander 2017,English
1,Jedit Ojanen of Efrava,,153,Commander 2017,English
1,Nissa's Pilgrimage,,155,Commander 2017,English
1,Relic Crush,,157,Commander 2017,English
1,Soul's Majesty,,158,Commander 2017,English
1,Temur Sabertooth,,159,Commander 2017,English
1,Zendikar Resurgent,,160,Commander 2017,English
1,Behemoth Sledge,,162,Commander 2017,English
1,Fleecemane Lion,,172,Commander 2017,English
1,Mirari's Wake,,181,Commander 2017,English
1,Phantom Nishoba,,188,Commander 2017,English
1,Qasali Pridemage,,189,Commander 2017,English
1,Argentum Armor,,202,Commander 2017,English
1,Dreamstone Hedron,,209,Commander 2017,English
1,Grappling Hook,,212,Commander 2017,English
1,Hedron Archive,,213,Commander 2017,English
1,Hero's Blade,,214,Commander 2017,English
1,Lightning Greaves,,215,Commander 2017,English
1,Loxodon Warhammer,,216,Commander 2017,English
1,Quietus Spike,,220,Commander 2017,English
1,Skullclamp,,222,Commander 2017,English
1,Sol Ring,,223,Commander 2017,English
1,Staff of Nin,,224,Commander 2017,English
1,Swiftfoot Boots,,226,Commander 2017,English
1,Sword of the Animist,,227,Commander 2017,English
1,Sword of Vengeance,,228,Commander 2017,English
1,Blighted Woodland,,235,Commander 2017,English
1,Blossoming Sands,,237,Commander 2017,English
1,Command Tower,,242,Commander 2017,English
1,Elfhame Palace,,247,Commander 2017,English
1,Evolving Wilds,,248,Commander 2017,English
1,Grasslands,,252,Commander 2017,English
1,Graypelt Refuge,,253,Commander 2017,English
1,Krosan Verge,,260,Commander 2017,English
1,Mosswort Bridge,,261,Commander 2017,English
1,Myriad Landscape,,262,Commander 2017,English
1,Opal Palace,,266,Commander 2017,English
1,Rogue's Passage,,272,Commander 2017,English
1,Saltcrusted Steppe,,273,Commander 2017,English
1,Secluded Steppe,,278,Commander 2017,English
1,Selesnya Guildgate,,279,Commander 2017,English
1,Selesnya Sanctuary,,280,Commander 2017,English
1,Stirring Wildwood,,281,Commander 2017,English
1,Temple of the False God,,284,Commander 2017,English
1,Terramorphic Expanse,,285,Commander 2017,English
1,Tranquil Expanse,,286,Commander 2017,English
1,Tranquil Thicket,,287,Commander 2017,English
1,Vivid Grove,,291,Commander 2017,English
1,Vivid Meadow,,293,Commander 2017,English
3,Plains,,295,Commander 2017,English
3,Plains,,296,Commander 2017,English
1,Plains,,297,Commander 2017,English
3,Forest,,307,Commander 2017,English
2,Forest,,308,Commander 2017,English
1,Forest,,309,Commander 2017,English
3,Cat // Rat,,12,Extras: Commander 2017,English
6,Cat // Cat Warrior,,13,Extras: Commander 2017,English
1,Rat // Cat Warrior,,15,Extras: Commander 2017,English
