Count,Name,Foil,Card Number,Edition,Language
1,"Kalemne, Disciple of Iroas",foil,7,Commander Anthology Volume II,English
1,"Anya, Merciless Angel",foil,8,Commander Anthology Volume II,English
1,"Gisela, Blade of Goldnight",foil,9,Commander Anthology Volume II,English
1,Angel of Serenity,,16,Commander Anthology Volume II,English
1,Arbiter of Knollridge,,17,Commander Anthology Volume II,English
1,Banishing Light,,18,Commander Anthology Volume II,English
1,Crib Swap,,22,Commander Anthology Volume II,English
1,Dawnbreak Reclaimer,,24,Commander Anthology Volume II,English
1,Dawnglare Invoker,,25,Commander Anthology Volume II,English
1,Faith's Fetters,,28,Commander Anthology Volume II,English
1,Herald of the Host,,29,Commander Anthology Volume II,English
1,"Jareth, Leonine Titan",,30,Commander Anthology Volume II,English
1,Kalemne's Captain,,31,Commander Anthology Volume II,English
1,Oreskos Explorer,,32,Commander Anthology Volume II,English
1,Orim's Thunder,,33,Commander Anthology Volume II,English
1,Sun Titan,,37,Commander Anthology Volume II,English
1,Victory's Herald,,38,Commander Anthology Volume II,English
1,Borderland Behemoth,,87,Commander Anthology Volume II,English
1,Breath of Darigaaz,,88,Commander Anthology Volume II,English
1,Curse of the Nightly Hunt,,90,Commander Anthology Volume II,English
1,Desolation Giant,,91,Commander Anthology Volume II,English
1,Disaster Radius,,92,Commander Anthology Volume II,English
1,Dream Pillager,,93,Commander Anthology Volume II,English
1,Earthquake,,95,Commander Anthology Volume II,English
1,Fall of the Hammer,,97,Commander Anthology Volume II,English
1,Fiery Confluence,,98,Commander Anthology Volume II,English
1,Fumiko the Lowblood,,100,Commander Anthology Volume II,English
1,Hamletback Goliath,,102,Commander Anthology Volume II,English
1,Hammerfist Giant,,103,Commander Anthology Volume II,English
1,Hostility,,105,Commander Anthology Volume II,English
1,Hunted Dragon,,106,Commander Anthology Volume II,English
1,Inferno Titan,,109,Commander Anthology Volume II,English
1,Magma Giant,,111,Commander Anthology Volume II,English
1,Magus of the Wheel,,113,Commander Anthology Volume II,English
1,Meteor Blast,,114,Commander Anthology Volume II,English
1,Rite of the Raging Storm,,115,Commander Anthology Volume II,English
1,Stinkdrinker Daredevil,,119,Commander Anthology Volume II,English
1,Stoneshock Giant,,120,Commander Anthology Volume II,English
1,Sunrise Sovereign,,121,Commander Anthology Volume II,English
1,Taurean Mauler,,122,Commander Anthology Volume II,English
1,Thundercloud Shaman,,123,Commander Anthology Volume II,English
1,Warchief Giant,,127,Commander Anthology Volume II,English
1,Warstorm Surge,,129,Commander Anthology Volume II,English
1,Basalt Monolith,,173,Commander Anthology Volume II,English
1,Blade of Selves,,174,Commander Anthology Volume II,English
1,Boros Cluestone,,175,Commander Anthology Volume II,English
1,Boros Signet,,176,Commander Anthology Volume II,English
1,Coldsteel Heart,,181,Commander Anthology Volume II,English
1,Darksteel Ingot,,184,Commander Anthology Volume II,English
1,Dreamstone Hedron,,186,Commander Anthology Volume II,English
1,Fellwar Stone,,189,Commander Anthology Volume II,English
1,Lightning Greaves,,196,Commander Anthology Volume II,English
1,Loxodon Warhammer,,199,Commander Anthology Volume II,English
1,Mind Stone,,200,Commander Anthology Volume II,English
1,Sandstone Oracle,,213,Commander Anthology Volume II,English
1,Seer's Sundial,,214,Commander Anthology Volume II,English
1,Sol Ring,,217,Commander Anthology Volume II,English
1,Staff of Nin,,221,Commander Anthology Volume II,English
1,Thought Vessel,,224,Commander Anthology Volume II,English
1,Urza's Incubator,,228,Commander Anthology Volume II,English
1,Worn Powerstone,,230,Commander Anthology Volume II,English
1,Ancient Amphitheater,,232,Commander Anthology Volume II,English
1,Blasted Landscape,,238,Commander Anthology Volume II,English
1,Boros Garrison,,239,Commander Anthology Volume II,English
1,Boros Guildgate,,240,Commander Anthology Volume II,English
1,Command Tower,,242,Commander Anthology Volume II,English
1,Drifting Meadow,,248,Commander Anthology Volume II,English
1,Evolving Wilds,,249,Commander Anthology Volume II,English
1,Forgotten Cave,,252,Commander Anthology Volume II,English
1,Secluded Steppe,,266,Commander Anthology Volume II,English
1,Smoldering Crater,,268,Commander Anthology Volume II,English
1,Terramorphic Expanse,,273,Commander Anthology Volume II,English
1,Vivid Crag,,276,Commander Anthology Volume II,English
1,Vivid Meadow,,277,Commander Anthology Volume II,English
1,Wind-Scarred Crag,,278,Commander Anthology Volume II,English
3,Plains,,279,Commander Anthology Volume II,English
3,Plains,,281,Commander Anthology Volume II,English
2,Plains,,282,Commander Anthology Volume II,English
3,Plains,,284,Commander Anthology Volume II,English
3,Mountain,,300,Commander Anthology Volume II,English
4,Mountain,,302,Commander Anthology Volume II,English
4,Mountain,,303,Commander Anthology Volume II,English
3,Mountain,,304,Commander Anthology Volume II,English
1,Goblin,,9,Extras: Commander Anthology Volume II,English
2,Lightning Rager,,10,Extras: Commander Anthology Volume II,English
8,Saproling,,11,Extras: Commander Anthology Volume II,English
9,Myr,,12,Extras: Commander Anthology Volume II,English
