Count,Name,Foil,Card Number,Edition,Language
1,"Ghave, Guru of Spores",foil,3,Oversized: Commander,English
1,"Karador, Ghost Chieftain",foil,6,Oversized: Commander,English
1,"Teneb, the Harvester",foil,12,Oversized: Commander,English
1,Afterlife,,2,Commander,English
1,Alliance of Arms,,4,Commander,English
1,Celestial Force,,10,Commander,English
1,Hour of Reckoning,,15,Commander,English
1,Monk Realist,,20,Commander,English
1,Oblivion Ring,,23,Commander,English
1,Soul Snare,,32,Commander,English
1,Storm Herd,,34,Commander,English
1,Vow of Duty,,36,Commander,English
1,Attrition,,72,Commander,English
1,Dark Hatchling,,76,Commander,English
1,Doom Blade,,78,Commander,English
1,Footbottom Feast,,84,Commander,English
1,Hex,,87,Commander,English
1,Nantuko Husk,,90,Commander,English
1,Nemesis Trap,,91,Commander,English
1,Shriekmaw,,100,Commander,English
1,Syphon Flesh,,103,Commander,English
1,Vampire Nighthawk,,106,Commander,English
1,Vow of Malice,,107,Commander,English
1,Aquastrand Spider,,141,Commander,English
1,Awakening Zone,,142,Commander,English
1,Bestial Menace,,144,Commander,English
1,Cobra Trap,,146,Commander,English
1,Cultivate,,148,Commander,English
1,Deadly Recluse,,149,Commander,English
1,Fertilid,,154,Commander,English
1,Fists of Ironwood,,156,Commander,English
1,Harmonize,,158,Commander,English
1,Hornet Queen,,159,Commander,English
1,Penumbra Spider,,167,Commander,English
1,Sakura-Tribe Elder,,169,Commander,English
1,Scavenging Ooze,,170,Commander,English
1,Spawnwrithe,,171,Commander,English
1,Spike Feeder,,172,Commander,English
1,Squallmonger,,173,Commander,English
1,Symbiotic Wurm,,174,Commander,English
1,Tribute to the Wild,,175,Commander,English
1,Vow of Wildness,,178,Commander,English
1,Yavimaya Elder,,179,Commander,English
1,Aura Shards,,182,Commander,English
1,Chorus of the Conclave,,189,Commander,English
1,Death Mutation,,192,Commander,English
1,"Ghave, Guru of Spores",,200,Commander,English
1,Golgari Guildmage,,201,Commander,English
1,"Karador, Ghost Chieftain",,207,Commander,English
1,Mortify,,211,Commander,English
1,Necrogenesis,,212,Commander,English
1,Selesnya Evangel,,223,Commander,English
1,Selesnya Guildmage,,224,Commander,English
1,Sigil Captain,,225,Commander,English
1,"Teneb, the Harvester",,230,Commander,English
1,"Vish Kal, Blood Arbiter",,234,Commander,English
1,Acorn Catapult,,241,Commander,English
1,Darksteel Ingot,,245,Commander,English
1,Golgari Signet,,249,Commander,English
1,Lightning Greaves,,253,Commander,English
1,Orzhov Signet,,255,Commander,English
1,Selesnya Signet,,258,Commander,English
1,Skullclamp,,260,Commander,English
1,Sol Ring,,261,Commander,English
1,Barren Moor,,266,Commander,English
1,Command Tower,,269,Commander,English
1,Evolving Wilds,,272,Commander,English
1,Golgari Rot Farm,,275,Commander,English
1,Orzhov Basilica,,283,Commander,English
1,Rupture Spire,,285,Commander,English
1,Secluded Steppe,,286,Commander,English
1,Selesnya Sanctuary,,287,Commander,English
1,Temple of the False God,,290,Commander,English
1,Tranquil Thicket,,292,Commander,English
1,Vivid Grove,,295,Commander,English
1,Vivid Marsh,,296,Commander,English
1,Vivid Meadow,,297,Commander,English
2,Plains,,299,Commander,English
2,Plains,,300,Commander,English
2,Plains,,301,Commander,English
2,Plains,,302,Commander,English
2,Swamp,,307,Commander,English
2,Swamp,,308,Commander,English
2,Swamp,,309,Commander,English
2,Swamp,,310,Commander,English
3,Forest,,315,Commander,English
3,Forest,,316,Commander,English
2,Forest,,317,Commander,English
2,Forest,,318,Commander,English
