Count,Name,Foil,Card Number,Edition,Language
2,Daggerdrome Imp,,60,Return to Ravnica,English
2,Launch Party,,69,Return to Ravnica,English
1,Slum Reaper,,77,Return to Ravnica,English
1,Terrus Wurm,,80,Return to Ravnica,English
1,Aerial Predation,,113,Return to Ravnica,English
2,Drudge Beetle,,122,Return to Ravnica,English
1,Gobbling Ooze,,126,Return to Ravnica,English
2,Korozda Monitor,,129,Return to Ravnica,English
1,Stonefare Crocodile,,136,Return to Ravnica,English
1,Wild Beastmaster,,139,Return to Ravnica,English
1,Corpsejack Menace,foil,152,Return to Ravnica,English
1,Dreg Mangler,,158,Return to Ravnica,English
1,Grisly Salvage,,165,Return to Ravnica,English
1,Korozda Guildmage,,176,Return to Ravnica,English
1,Rites of Reaping,,191,Return to Ravnica,English
1,Sluiceway Scorpion,,198,Return to Ravnica,English
1,Treasured Find,,204,Return to Ravnica,English
2,Golgari Longlegs,,216,Return to Ravnica,English
2,Slitherhead,,222,Return to Ravnica,English
2,Golgari Keyrune,,229,Return to Ravnica,English
1,Golgari Guildgate,,239,Return to Ravnica,English
3,Swamp,,260,Return to Ravnica,English
3,Swamp,,261,Return to Ravnica,English
2,Swamp,,262,Return to Ravnica,English
2,Swamp,,263,Return to Ravnica,English
2,Swamp,,264,Return to Ravnica,English
3,Forest,,270,Return to Ravnica,English
3,Forest,,271,Return to Ravnica,English
2,Forest,,272,Return to Ravnica,English
2,Forest,,273,Return to Ravnica,English
2,Forest,,274,Return to Ravnica,English
1,Disentomb,,89,Magic 2013,English
1,Murder,,101,Magic 2013,English
1,Veilborn Ghoul,,114,Magic 2013,English
3,Walking Corpse,,116,Magic 2013,English
1,Acidic Slime,,159,Magic 2013,English
1,Serpent's Gift,,190,Magic 2013,English
