Count,Name,Foil,Card Number,Edition,Language
1,"Kalemne, Disciple of Iroas",foil,45,Oversized: Commander 2015,English
1,Dawnbreak Reclaimer,,2,Commander 2015,English
1,Herald of the Host,,4,Commander 2015,English
1,Kalemne's Captain,,5,Commander 2015,English
1,Oreskos Explorer,,6,Commander 2015,English
1,Dream Pillager,,25,Commander 2015,English
1,Fiery Confluence,,26,Commander 2015,English
1,Magus of the Wheel,,27,Commander 2015,English
1,Meteor Blast,,28,Commander 2015,English
1,Rite of the Raging Storm,,30,Commander 2015,English
1,Warchief Giant,,31,Commander 2015,English
1,"Anya, Merciless Angel",,41,Commander 2015,English
1,"Kalemne, Disciple of Iroas",,45,Commander 2015,English
1,Blade of Selves,,51,Commander 2015,English
1,Sandstone Oracle,,52,Commander 2015,English
1,Thought Vessel,,55,Commander 2015,English
1,Angel of Serenity,,58,Commander 2015,English
1,Arbiter of Knollridge,,59,Commander 2015,English
1,Banishing Light,,61,Commander 2015,English
1,Crib Swap,,65,Commander 2015,English
1,Dawnglare Invoker,,67,Commander 2015,English
1,Faith's Fetters,,69,Commander 2015,English
1,"Jareth, Leonine Titan",,71,Commander 2015,English
1,Orim's Thunder,,78,Commander 2015,English
1,Sun Titan,,82,Commander 2015,English
1,Victory's Herald,,83,Commander 2015,English
1,Borderland Behemoth,,142,Commander 2015,English
1,Breath of Darigaaz,,143,Commander 2015,English
1,Curse of the Nightly Hunt,,147,Commander 2015,English
1,Desolation Giant,,148,Commander 2015,English
1,Disaster Radius,,150,Commander 2015,English
1,Earthquake,,152,Commander 2015,English
1,Fall of the Hammer,,154,Commander 2015,English
1,Fumiko the Lowblood,,155,Commander 2015,English
1,Hamletback Goliath,,156,Commander 2015,English
1,Hammerfist Giant,,157,Commander 2015,English
1,Hostility,,158,Commander 2015,English
1,Hunted Dragon,,159,Commander 2015,English
1,Inferno Titan,,160,Commander 2015,English
1,Magma Giant,,161,Commander 2015,English
1,Stinkdrinker Daredevil,,164,Commander 2015,English
1,Stoneshock Giant,,165,Commander 2015,English
1,Sunrise Sovereign,,166,Commander 2015,English
1,Taurean Mauler,,167,Commander 2015,English
1,Thundercloud Shaman,,168,Commander 2015,English
1,Warstorm Surge,,171,Commander 2015,English
1,"Gisela, Blade of Goldnight",,219,Commander 2015,English
1,Basalt Monolith,,244,Commander 2015,English
1,Boros Cluestone,,246,Commander 2015,English
1,Boros Signet,,247,Commander 2015,English
1,Coldsteel Heart,,249,Commander 2015,English
1,Darksteel Ingot,,251,Commander 2015,English
1,Dreamstone Hedron,,252,Commander 2015,English
1,Fellwar Stone,,254,Commander 2015,English
1,Lightning Greaves,,257,Commander 2015,English
1,Loxodon Warhammer,,258,Commander 2015,English
1,Mind Stone,,259,Commander 2015,English
1,Seer's Sundial,,264,Commander 2015,English
1,Sol Ring,,268,Commander 2015,English
1,Staff of Nin,,270,Commander 2015,English
1,Urza's Incubator,,273,Commander 2015,English
1,Worn Powerstone,,275,Commander 2015,English
1,Ancient Amphitheater,,276,Commander 2015,English
1,Blasted Landscape,,278,Commander 2015,English
1,Boros Garrison,,279,Commander 2015,English
1,Boros Guildgate,,280,Commander 2015,English
1,Command Tower,,281,Commander 2015,English
1,Drifting Meadow,,282,Commander 2015,English
1,Evolving Wilds,,283,Commander 2015,English
1,Forgotten Cave,,284,Commander 2015,English
1,Secluded Steppe,,304,Commander 2015,English
1,Smoldering Crater,,308,Commander 2015,English
1,Terramorphic Expanse,,314,Commander 2015,English
1,Vivid Crag,,316,Commander 2015,English
1,Vivid Meadow,,320,Commander 2015,English
1,Wind-Scarred Crag,,321,Commander 2015,English
3,Plains,,323,Commander 2015,English
3,Plains,,324,Commander 2015,English
2,Plains,,325,Commander 2015,English
3,Plains,,326,Commander 2015,English
3,Mountain,,335,Commander 2015,English
4,Mountain,,336,Commander 2015,English
4,Mountain,,337,Commander 2015,English
3,Mountain,,338,Commander 2015,English
1,Shapeshifter,,1,Extras: Commander 2015,English
1,Lightning Rager,,11,Extras: Commander 2015,English
1,Experience,,25,Extras: Commander 2015,English
1,Elemental Shaman // Shapeshifter,,35,Extras: Commander 2015,English
6,Elemental Shaman // Knight,,36,Extras: Commander 2015,English
