Count,Name,Foil,Card Number,Edition,Language
1,Incursion Specialist,,38,Gatecrash,English
1,Last Thoughts,,40,Gatecrash,English
1,Mindeye Drake,,43,Gatecrash,English
1,Sage's Row Denizen,,46,Gatecrash,English
1,Totally Lost,,54,Gatecrash,English
2,Balustrade Spy,,57,Gatecrash,English
2,Death's Approach,,62,Gatecrash,English
2,Grisly Spectacle,,66,Gatecrash,English
3,Gutter Skulk,,67,Gatecrash,English
1,Midnight Recovery,,73,Gatecrash,English
1,Shadow Slice,,77,Gatecrash,English
2,Wight of Precinct Six,,84,Gatecrash,English
1,Consuming Aberration,foil,152,Gatecrash,English
2,Dinrova Horror,,155,Gatecrash,English
1,Duskmantle Guildmage,,158,Gatecrash,English
1,Mortus Strider,,179,Gatecrash,English
1,Paranoid Delusions,,186,Gatecrash,English
1,Whispering Madness,,207,Gatecrash,English
1,Coerced Confession,,217,Gatecrash,English
2,Deathcult Rogue,,218,Gatecrash,English
2,Dimir Keyrune,,228,Gatecrash,English
1,Dimir Guildgate,,241,Gatecrash,English
2,Island,,255,Return to Ravnica,English
2,Island,,256,Return to Ravnica,English
2,Island,,257,Return to Ravnica,English
3,Island,,258,Return to Ravnica,English
3,Island,,259,Return to Ravnica,English
2,Swamp,,260,Return to Ravnica,English
2,Swamp,,261,Return to Ravnica,English
3,Swamp,,262,Return to Ravnica,English
3,Swamp,,263,Return to Ravnica,English
3,Swamp,,264,Return to Ravnica,English
1,Jace's Phantasm,,57,Magic 2013,English
1,Vedalken Entrancer,,76,Magic 2013,English
1,Welkin Tern,,79,Magic 2013,English
1,Rise from the Grave,,107,Magic 2013,English
