Count,Name,Foil,Card Number,Edition,Language
2,Beetleback Chief,,40,Planechase Anthology,English
1,Fiery Conclusion,,42,Planechase Anthology,English
1,Fling,,44,Planechase Anthology,English
1,Hellion Eruption,,45,Planechase Anthology,English
1,Hissing Iguanar,,46,Planechase Anthology,English
1,Mark of Mutiny,,47,Planechase Anthology,English
2,Mudbutton Torchrunner,,49,Planechase Anthology,English
1,Preyseizer Dragon,,50,Planechase Anthology,English
1,Thorn-Thrash Viashino,,52,Planechase Anthology,English
2,Thunder-Thrash Elder,,53,Planechase Anthology,English
1,Warstorm Surge,,54,Planechase Anthology,English
1,Awakening Zone,,56,Planechase Anthology,English
2,Brindle Shoat,,60,Planechase Anthology,English
1,Gluttonous Slime,,65,Planechase Anthology,English
1,Mitotic Slime,,67,Planechase Anthology,English
1,Mycoloth,,68,Planechase Anthology,English
1,Nest Invader,,69,Planechase Anthology,English
1,Nullmage Advocate,,70,Planechase Anthology,English
1,Overrun,,72,Planechase Anthology,English
1,Penumbra Spider,,73,Planechase Anthology,English
2,Tukatongue Thallid,,79,Planechase Anthology,English
2,Viridian Emissary,,80,Planechase Anthology,English
1,Wall of Blossoms,,81,Planechase Anthology,English
1,Dragonlair Spider,,87,Planechase Anthology,English
1,Fires of Yavimaya,,92,Planechase Anthology,English
1,Hellkite Hatchling,,95,Planechase Anthology,English
1,Thromok the Insatiable,,106,Planechase Anthology,English
2,Flayer Husk,,110,Planechase Anthology,English
1,Fractured Powerstone,,111,Planechase Anthology,English
2,Gruul Turf,,119,Planechase Anthology,English
2,Kazandu Refuge,,121,Planechase Anthology,English
1,Khalni Garden,,122,Planechase Anthology,English
1,"Skarrg, the Rage Pits",,127,Planechase Anthology,English
1,Terramorphic Expanse,,129,Planechase Anthology,English
2,Mountain,,148,Planechase Anthology,English
2,Mountain,,149,Planechase Anthology,English
2,Mountain,,150,Planechase Anthology,English
4,Forest,,153,Planechase Anthology,English
4,Forest,,154,Planechase Anthology,English
3,Forest,,156,Planechase Anthology,English
