Count,Name,Foil,Card Number,Edition,Language
2,Artisan of Kozilek,,1,Commander,English
1,Afterlife,,2,Commander,English
1,Akroma's Vengeance,,3,Commander,English
1,Alliance of Arms,,4,Commander,English
1,Angelic Arbiter,,5,Commander,English
1,Arbiter of Knollridge,,6,Commander,English
1,Archangel of Strife,,7,Commander,English
1,Austere Command,,8,Commander,English
1,Bathe in Light,,9,Commander,English
1,Celestial Force,,10,Commander,English
1,Congregate,,11,Commander,English
1,Crescendo of War,,12,Commander,English
1,False Prophet,,13,Commander,English
1,Ghostly Prison,,14,Commander,English
1,Hour of Reckoning,,15,Commander,English
1,Jotun Grunt,,16,Commander,English
1,Journey to Nowhere,,17,Commander,English
1,Lightkeeper of Emeria,,18,Commander,English
1,Martyr's Bond,,19,Commander,English
1,Monk Realist,,20,Commander,English
1,Mother of Runes,,21,Commander,English
1,Oblation,,22,Commander,English
1,Oblivion Ring,,23,Commander,English
1,Orim's Thunder,,24,Commander,English
1,Path to Exile,,25,Commander,English
1,Pollen Lullaby,,26,Commander,English
1,Prison Term,,27,Commander,English
1,Return to Dust,,28,Commander,English
1,Righteous Cause,,29,Commander,English
1,Serra Angel,,30,Commander,English
1,Shattered Angel,,31,Commander,English
3,Soul Snare,,32,Commander,English
1,Spurnmage Advocate,,33,Commander,English
1,Storm Herd,,34,Commander,English
1,Voice of All,,35,Commander,English
3,Vow of Duty,,36,Commander,English
1,Wall of Omens,,37,Commander,English
1,Windborn Muse,,38,Commander,English
1,Aethersnipe,,39,Commander,English
2,Brainstorm,,40,Commander,English
1,Chromeshell Crab,,41,Commander,English
1,Conundrum Sphinx,,42,Commander,English
1,Court Hussar,,43,Commander,English
1,Dreamborn Muse,,44,Commander,English
1,Fact or Fiction,,45,Commander,English
1,Flusterstorm,,46,Commander,English
1,Fog Bank,,47,Commander,English
1,Gomazoa,,48,Commander,English
1,Guard Gomazoa,,49,Commander,English
1,Memory Erosion,,50,Commander,English
1,Minds Aglow,,51,Commander,English
1,Mulldrifter,,52,Commander,English
1,Murmurs from Beyond,,53,Commander,English
1,Perilous Research,,54,Commander,English
1,Propaganda,,55,Commander,English
1,Ray of Command,,56,Commander,English
1,Reins of Power,,57,Commander,English
1,Repulse,,58,Commander,English
1,Riddlekeeper,,59,Commander,English
1,Scattering Stroke,,60,Commander,English
1,Skyscribing,,61,Commander,English
1,Slipstream Eel,,62,Commander,English
3,Spell Crumple,,63,Commander,English
1,Trade Secrets,,64,Commander,English
1,Trench Gorger,,65,Commander,English
1,Vedalken Plotter,,66,Commander,English
1,Vision Skeins,,67,Commander,English
3,Vow of Flight,,68,Commander,English
1,Whirlpool Whelm,,69,Commander,English
1,Windfall,,70,Commander,English
1,Wonder,,71,Commander,English
1,Attrition,,72,Commander,English
1,Avatar of Woe,,73,Commander,English
1,Buried Alive,,74,Commander,English
1,Butcher of Malakir,,75,Commander,English
2,Dark Hatchling,,76,Commander,English
1,Diabolic Tutor,,77,Commander,English
1,Doom Blade,,78,Commander,English
1,Dread Cacodemon,,79,Commander,English
1,Evincar's Justice,,80,Commander,English
1,Extractor Demon,,81,Commander,English
1,Fallen Angel,,82,Commander,English
1,Fleshbag Marauder,,83,Commander,English
1,Footbottom Feast,,84,Commander,English
1,Grave Pact,,85,Commander,English
1,Gravedigger,,86,Commander,English
1,Hex,,87,Commander,English
1,Living Death,,88,Commander,English
1,Mortivore,,89,Commander,English
1,Nantuko Husk,,90,Commander,English
1,Nemesis Trap,,91,Commander,English
1,Nezumi Graverobber,,92,Commander,English
1,Patron of the Nezumi,,93,Commander,English
1,Razorjaw Oni,,94,Commander,English
1,Reiver Demon,,95,Commander,English
1,Rise from the Grave,,96,Commander,English
1,Scythe Specter,,97,Commander,English
1,Sewer Nemesis,,98,Commander,English
1,Shared Trauma,,99,Commander,English
1,Shriekmaw,,100,Commander,English
1,Sign in Blood,,101,Commander,English
1,Stitch Together,,102,Commander,English
3,Syphon Flesh,,103,Commander,English
2,Syphon Mind,,104,Commander,English
1,Unnerve,,105,Commander,English
1,Vampire Nighthawk,,106,Commander,English
3,Vow of Malice,,107,Commander,English
1,"Akroma, Angel of Fury",,108,Commander,English
1,Anger,,109,Commander,English
1,Avatar of Fury,,110,Commander,English
1,Avatar of Slaughter,,111,Commander,English
1,Breath of Darigaaz,,112,Commander,English
1,Chain Reaction,,113,Commander,English
1,Chaos Warp,,114,Commander,English
1,Chartooth Cougar,,115,Commander,English
1,Cleansing Beam,,116,Commander,English
1,Comet Storm,,117,Commander,English
3,Death by Dragons,,118,Commander,English
1,Disaster Radius,,119,Commander,English
1,Dragon Whelp,,120,Commander,English
1,Earthquake,,121,Commander,English
1,Faultgrinder,,122,Commander,English
1,Flametongue Kavu,,123,Commander,English
1,Furnace Whelp,,124,Commander,English
1,Goblin Cadets,,125,Commander,English
1,Insurrection,,126,Commander,English
1,Lash Out,,127,Commander,English
1,Magmatic Force,,128,Commander,English
1,Mana-Charged Dragon,,129,Commander,English
1,Oni of Wild Places,,130,Commander,English
1,Punishing Fire,,131,Commander,English
1,Pyrohemia,,132,Commander,English
2,Rapacious One,,133,Commander,English
1,Ruination,,134,Commander,English
1,Spitebellows,,135,Commander,English
1,Stranglehold,,136,Commander,English
1,Sulfurous Blast,,137,Commander,English
3,Vow of Lightning,,138,Commander,English
1,Wild Ricochet,,139,Commander,English
1,Acidic Slime,,140,Commander,English
1,Aquastrand Spider,,141,Commander,English
1,Awakening Zone,,142,Commander,English
1,Baloth Woodcrasher,,143,Commander,English
1,Bestial Menace,,144,Commander,English
1,Brawn,,145,Commander,English
1,Cobra Trap,,146,Commander,English
1,Collective Voyage,,147,Commander,English
3,Cultivate,,148,Commander,English
1,Deadly Recluse,,149,Commander,English
1,Deadwood Treefolk,,150,Commander,English
1,Elvish Aberration,,151,Commander,English
1,Eternal Witness,,152,Commander,English
1,Explosive Vegetation,,153,Commander,English
1,Fertilid,,154,Commander,English
1,Fierce Empath,,155,Commander,English
1,Fists of Ironwood,,156,Commander,English
1,Garruk Wildspeaker,,157,Commander,English
1,Harmonize,,158,Commander,English
1,Hornet Queen,,159,Commander,English
1,Hunting Pack,,160,Commander,English
1,Hydra Omnivore,,161,Commander,English
1,Invigorate,,162,Commander,English
1,Kodama's Reach,,163,Commander,English
1,Krosan Tusker,,164,Commander,English
1,Lhurgoyf,,165,Commander,English
1,Magus of the Vineyard,,166,Commander,English
1,Penumbra Spider,,167,Commander,English
1,Relic Crush,,168,Commander,English
1,Sakura-Tribe Elder,,169,Commander,English
1,Scavenging Ooze,,170,Commander,English
1,Spawnwrithe,,171,Commander,English
1,Spike Feeder,,172,Commander,English
1,Squallmonger,,173,Commander,English
1,Symbiotic Wurm,,174,Commander,English
3,Tribute to the Wild,,175,Commander,English
1,Troll Ascetic,,176,Commander,English
1,Veteran Explorer,,177,Commander,English
3,Vow of Wildness,,178,Commander,English
2,Yavimaya Elder,,179,Commander,English
1,Angel of Despair,,180,Commander,English
1,"Animar, Soul of Elements",,181,Commander,English
1,Aura Shards,,182,Commander,English
1,Azorius Guildmage,,183,Commander,English
1,"Basandra, Battle Seraph",,184,Commander,English
1,Bladewing the Risen,,185,Commander,English
1,Boros Guildmage,,186,Commander,English
1,Brion Stoutarm,,187,Commander,English
1,Call the Skybreaker,,188,Commander,English
1,Chorus of the Conclave,,189,Commander,English
1,Colossal Might,,190,Commander,English
1,"Damia, Sage of Stone",,191,Commander,English
1,Death Mutation,,192,Commander,English
1,Desecrator Hag,,193,Commander,English
1,Dominus of Fealty,,194,Commander,English
1,Duergar Hedge-Mage,,195,Commander,English
1,"Edric, Spymaster of Trest",,196,Commander,English
1,Electrolyze,,197,Commander,English
1,Fire // Ice,,198,Commander,English
1,Firespout,,199,Commander,English
1,"Ghave, Guru of Spores",,200,Commander,English
1,Golgari Guildmage,,201,Commander,English
1,Gwyllion Hedge-Mage,,202,Commander,English
1,Hull Breach,,203,Commander,English
1,"Intet, the Dreamer",,204,Commander,English
1,Izzet Chronarch,,205,Commander,English
1,Kaalia of the Vast,,206,Commander,English
1,"Karador, Ghost Chieftain",,207,Commander,English
1,Malfegor,,208,Commander,English
1,Master Warcraft,,209,Commander,English
1,The Mimeoplasm,,210,Commander,English
2,Mortify,,211,Commander,English
1,Necrogenesis,,212,Commander,English
1,"Nin, the Pain Artist",,213,Commander,English
1,Nucklavee,,214,Commander,English
1,"Numot, the Devastator",,215,Commander,English
1,"Oros, the Avenger",,216,Commander,English
1,Orzhov Guildmage,,217,Commander,English
1,Plumeveil,,218,Commander,English
1,Prophetic Bolt,,219,Commander,English
1,Riku of Two Reflections,,220,Commander,English
1,Ruhan of the Fomori,,221,Commander,English
1,Savage Twister,,222,Commander,English
1,Selesnya Evangel,,223,Commander,English
1,Selesnya Guildmage,,224,Commander,English
1,Sigil Captain,,225,Commander,English
1,Simic Sky Swallower,,226,Commander,English
1,"Skullbriar, the Walking Grave",,227,Commander,English
1,"Szadek, Lord of Secrets",,228,Commander,English
1,"Tariel, Reckoner of Souls",,229,Commander,English
1,"Teneb, the Harvester",,230,Commander,English
1,Terminate,,231,Commander,English
1,Valley Rannet,,232,Commander,English
1,Vengeful Rebirth,,233,Commander,English
1,"Vish Kal, Blood Arbiter",,234,Commander,English
1,"Vorosh, the Hunter",,235,Commander,English
1,Vulturous Zombie,,236,Commander,English
1,Wall of Denial,,237,Commander,English
1,Wrecking Ball,,238,Commander,English
1,"Wrexial, the Risen Deep",,239,Commander,English
1,Zedruu the Greathearted,,240,Commander,English
1,Acorn Catapult,,241,Commander,English
3,Armillary Sphere,,242,Commander,English
1,Boros Signet,,243,Commander,English
1,Champion's Helm,,244,Commander,English
3,Darksteel Ingot,,245,Commander,English
1,Dimir Signet,,246,Commander,English
1,Dreamstone Hedron,,247,Commander,English
1,Fellwar Stone,,248,Commander,English
2,Golgari Signet,,249,Commander,English
1,Gruul Signet,,250,Commander,English
1,Howling Mine,,251,Commander,English
1,Izzet Signet,,252,Commander,English
5,Lightning Greaves,,253,Commander,English
1,Oblivion Stone,,254,Commander,English
2,Orzhov Signet,,255,Commander,English
2,Prophetic Prism,,256,Commander,English
1,Rakdos Signet,,257,Commander,English
1,Selesnya Signet,,258,Commander,English
2,Simic Signet,,259,Commander,English
1,Skullclamp,,260,Commander,English
5,Sol Ring,,261,Commander,English
1,Solemn Simulacrum,,262,Commander,English
1,Triskelavus,,263,Commander,English
1,Akoum Refuge,,264,Commander,English
1,Azorius Chancery,,265,Commander,English
3,Barren Moor,,266,Commander,English
1,Bojuka Bog,,267,Commander,English
2,Boros Garrison,,268,Commander,English
5,Command Tower,,269,Commander,English
1,Dimir Aqueduct,,270,Commander,English
1,Dreadship Reef,,271,Commander,English
4,Evolving Wilds,,272,Commander,English
1,Forgotten Cave,,273,Commander,English
1,Fungal Reaches,,274,Commander,English
2,Golgari Rot Farm,,275,Commander,English
1,Gruul Turf,,276,Commander,English
1,Homeward Path,,277,Commander,English
2,Izzet Boilerworks,,278,Commander,English
1,Jwar Isle Refuge,,279,Commander,English
1,Kazandu Refuge,,280,Commander,English
1,Lonely Sandbar,,281,Commander,English
1,Molten Slagheap,,282,Commander,English
2,Orzhov Basilica,,283,Commander,English
1,Rakdos Carnarium,,284,Commander,English
4,Rupture Spire,,285,Commander,English
2,Secluded Steppe,,286,Commander,English
1,Selesnya Sanctuary,,287,Commander,English
2,Simic Growth Chamber,,288,Commander,English
1,"Svogthos, the Restless Tomb",,289,Commander,English
3,Temple of the False God,,290,Commander,English
2,Terramorphic Expanse,,291,Commander,English
2,Tranquil Thicket,,292,Commander,English
1,Vivid Crag,,293,Commander,English
1,Vivid Creek,,294,Commander,English
2,Vivid Grove,,295,Commander,English
1,Vivid Marsh,,296,Commander,English
2,Vivid Meadow,,297,Commander,English
1,Zoetic Cavern,,298,Commander,English
6,Plains,,299,Commander,English
6,Plains,,300,Commander,English
6,Plains,,301,Commander,English
6,Plains,,302,Commander,English
7,Island,,303,Commander,English
7,Island,,304,Commander,English
7,Island,,305,Commander,English
6,Island,,306,Commander,English
7,Swamp,,307,Commander,English
7,Swamp,,308,Commander,English
7,Swamp,,309,Commander,English
6,Swamp,,310,Commander,English
6,Mountain,,311,Commander,English
6,Mountain,,312,Commander,English
6,Mountain,,313,Commander,English
6,Mountain,,314,Commander,English
9,Forest,,315,Commander,English
8,Forest,,316,Commander,English
7,Forest,,317,Commander,English
7,Forest,,318,Commander,English
1,"Animar, Soul of Elements",foil,1,Oversized: Commander,English
1,"Damia, Sage of Stone",foil,2,Oversized: Commander,English
1,"Ghave, Guru of Spores",foil,3,Oversized: Commander,English
1,"Intet, the Dreamer",foil,4,Oversized: Commander,English
1,Kaalia of the Vast,foil,5,Oversized: Commander,English
1,"Karador, Ghost Chieftain",foil,6,Oversized: Commander,English
1,"Numot, the Devastator",foil,7,Oversized: Commander,English
1,"Oros, the Avenger",foil,8,Oversized: Commander,English
1,Riku of Two Reflections,foil,9,Oversized: Commander,English
1,Ruhan of the Fomori,foil,10,Oversized: Commander,English
1,"Tariel, Reckoner of Souls",foil,11,Oversized: Commander,English
1,"Teneb, the Harvester",foil,12,Oversized: Commander,English
1,The Mimeoplasm,foil,13,Oversized: Commander,English
1,"Vorosh, the Hunter",foil,14,Oversized: Commander,English
1,Zedruu the Greathearted,foil,15,Oversized: Commander,English
