Count,Name,Foil,Card Number,Edition,Language
1,"Damia, Sage of Stone",foil,2,Oversized: Commander,English
1,The Mimeoplasm,foil,13,Oversized: Commander,English
1,"Vorosh, the Hunter",foil,14,Oversized: Commander,English
1,Artisan of Kozilek,,1,Commander,English
1,Dreamborn Muse,,44,Commander,English
1,Fact or Fiction,,45,Commander,English
1,Memory Erosion,,50,Commander,English
1,Minds Aglow,,51,Commander,English
1,Mulldrifter,,52,Commander,English
1,Riddlekeeper,,59,Commander,English
1,Slipstream Eel,,62,Commander,English
1,Spell Crumple,,63,Commander,English
1,Vow of Flight,,68,Commander,English
1,Windfall,,70,Commander,English
1,Wonder,,71,Commander,English
1,Avatar of Woe,,73,Commander,English
1,Buried Alive,,74,Commander,English
1,Butcher of Malakir,,75,Commander,English
1,Dark Hatchling,,76,Commander,English
1,Extractor Demon,,81,Commander,English
1,Fleshbag Marauder,,83,Commander,English
1,Grave Pact,,85,Commander,English
1,Gravedigger,,86,Commander,English
1,Living Death,,88,Commander,English
1,Mortivore,,89,Commander,English
1,Nezumi Graverobber,,92,Commander,English
1,Patron of the Nezumi,,93,Commander,English
1,Rise from the Grave,,96,Commander,English
1,Scythe Specter,,97,Commander,English
1,Sewer Nemesis,,98,Commander,English
1,Shared Trauma,,99,Commander,English
1,Sign in Blood,,101,Commander,English
1,Stitch Together,,102,Commander,English
1,Syphon Flesh,,103,Commander,English
1,Syphon Mind,,104,Commander,English
1,Unnerve,,105,Commander,English
1,Vow of Malice,,107,Commander,English
1,Acidic Slime,,140,Commander,English
1,Brawn,,145,Commander,English
1,Cultivate,,148,Commander,English
1,Eternal Witness,,152,Commander,English
1,Lhurgoyf,,165,Commander,English
1,Relic Crush,,168,Commander,English
1,Tribute to the Wild,,175,Commander,English
1,Troll Ascetic,,176,Commander,English
1,Vow of Wildness,,178,Commander,English
1,Yavimaya Elder,,179,Commander,English
1,"Damia, Sage of Stone",,191,Commander,English
1,Desecrator Hag,,193,Commander,English
1,The Mimeoplasm,,210,Commander,English
1,"Skullbriar, the Walking Grave",,227,Commander,English
1,"Szadek, Lord of Secrets",,228,Commander,English
1,"Vorosh, the Hunter",,235,Commander,English
1,Vulturous Zombie,,236,Commander,English
1,"Wrexial, the Risen Deep",,239,Commander,English
1,Dimir Signet,,246,Commander,English
1,Golgari Signet,,249,Commander,English
1,Lightning Greaves,,253,Commander,English
1,Oblivion Stone,,254,Commander,English
1,Simic Signet,,259,Commander,English
1,Sol Ring,,261,Commander,English
1,Solemn Simulacrum,,262,Commander,English
1,Triskelavus,,263,Commander,English
1,Barren Moor,,266,Commander,English
1,Command Tower,,269,Commander,English
1,Dimir Aqueduct,,270,Commander,English
1,Dreadship Reef,,271,Commander,English
1,Golgari Rot Farm,,275,Commander,English
1,Jwar Isle Refuge,,279,Commander,English
1,Lonely Sandbar,,281,Commander,English
1,Rupture Spire,,285,Commander,English
1,Simic Growth Chamber,,288,Commander,English
1,"Svogthos, the Restless Tomb",,289,Commander,English
1,Temple of the False God,,290,Commander,English
1,Terramorphic Expanse,,291,Commander,English
1,Tranquil Thicket,,292,Commander,English
2,Island,,303,Commander,English
2,Island,,304,Commander,English
2,Island,,305,Commander,English
2,Island,,306,Commander,English
3,Swamp,,307,Commander,English
3,Swamp,,308,Commander,English
3,Swamp,,309,Commander,English
2,Swamp,,310,Commander,English
2,Forest,,315,Commander,English
2,Forest,,316,Commander,English
2,Forest,,317,Commander,English
2,Forest,,318,Commander,English
