Count,Name,Foil,Card Number,Edition,Language
1,"Yidris, Maelstrom Wielder",foil,50,Oversized: Commander 2016,English
1,Cruel Entertainment,,11,Commander 2016,English
1,Curtains' Call,,13,Commander 2016,English
1,Parting Thoughts,,15,Commander 2016,English
1,Frenzied Fugue,,18,Commander 2016,English
1,Goblin Spymaster,,19,Commander 2016,English
1,Runehorn Hellkite,,20,Commander 2016,English
1,Ancient Excavation,,27,Commander 2016,English
1,Grave Upheaval,,31,Commander 2016,English
1,"Kydele, Chosen of Kruphix",foil,35,Commander 2016,English
1,"Thrasios, Triton Hero",foil,46,Commander 2016,English
1,Treacherous Terrain,,47,Commander 2016,English
1,Vial Smasher the Fierce,foil,49,Commander 2016,English
1,"Yidris, Maelstrom Wielder",foil,50,Commander 2016,English
1,Boompile,,52,Commander 2016,English
1,Ash Barrens,,56,Commander 2016,English
1,Academy Elite,,81,Commander 2016,English
1,Aeon Chronicler,,82,Commander 2016,English
1,Chain of Vapor,,84,Commander 2016,English
1,Devastation Tide,,87,Commander 2016,English
1,Evacuation,,91,Commander 2016,English
1,Spelltwine,,97,Commander 2016,English
1,Treasure Cruise,,101,Commander 2016,English
1,Windfall,,104,Commander 2016,English
1,Army of the Damned,,105,Commander 2016,English
1,Ghastly Conscription,,111,Commander 2016,English
1,Guiltfeeder,,112,Commander 2016,English
1,In Garruk's Wake,,113,Commander 2016,English
1,Sangromancer,,116,Commander 2016,English
1,Waste Not,,117,Commander 2016,English
1,Chaos Warp,,122,Commander 2016,English
1,Dragon Mage,,124,Commander 2016,English
1,Past in Flames,,131,Commander 2016,English
1,Reforge the Soul,,132,Commander 2016,English
1,Volcanic Vision,,137,Commander 2016,English
1,Wheel of Fate,,138,Commander 2016,English
1,Whims of the Fates,,139,Commander 2016,English
1,Burgeoning,,143,Commander 2016,English
1,Far Wanderings,,148,Commander 2016,English
1,Gamekeeper,,151,Commander 2016,English
1,Satyr Wayfinder,,165,Commander 2016,English
1,Wall of Blossoms,,175,Commander 2016,English
1,Bituminous Blast,,182,Commander 2016,English
1,Blood Tyrant,,183,Commander 2016,English
1,Bloodbraid Elf,,184,Commander 2016,English
1,Coiling Oracle,,188,Commander 2016,English
1,Consuming Aberration,,189,Commander 2016,English
1,Decimate,,193,Commander 2016,English
1,Etherium-Horn Sorcerer,,197,Commander 2016,English
1,Glint-Eye Nephilim,,201,Commander 2016,English
1,Horizon Chimera,,204,Commander 2016,English
1,Nath of the Gilt-Leaf,,213,Commander 2016,English
1,Rakdos Charm,,218,Commander 2016,English
1,Spellheart Chimera,,222,Commander 2016,English
1,Whispering Madness,,229,Commander 2016,English
1,Worm Harvest,,238,Commander 2016,English
1,Chromatic Lantern,,247,Commander 2016,English
1,Commander's Sphere,,248,Commander 2016,English
1,Fellwar Stone,,254,Commander 2016,English
1,Rakdos Signet,,268,Commander 2016,English
1,Simic Signet,,270,Commander 2016,English
1,Sol Ring,,272,Commander 2016,English
1,Whispersilk Cloak,,280,Commander 2016,English
1,Command Tower,,286,Commander 2016,English
1,Crumbling Necropolis,,287,Commander 2016,English
1,Dismal Backwater,,291,Commander 2016,English
1,Evolving Wilds,,294,Commander 2016,English
1,Exotic Orchard,,295,Commander 2016,English
1,Frontier Bivouac,,297,Commander 2016,English
1,Jungle Hollow,,303,Commander 2016,English
1,Opulent Palace,,313,Commander 2016,English
1,Rakdos Carnarium,,315,Commander 2016,English
1,Reliquary Tower,,316,Commander 2016,English
1,Rugged Highlands,,318,Commander 2016,English
1,Rupture Spire,,319,Commander 2016,English
1,Savage Lands,,321,Commander 2016,English
1,Shadowblood Ridge,,325,Commander 2016,English
1,Simic Growth Chamber,,326,Commander 2016,English
1,Swiftwater Cliffs,,330,Commander 2016,English
1,Terramorphic Expanse,,332,Commander 2016,English
1,Thornwood Falls,,333,Commander 2016,English
2,Island,,340,Commander 2016,English
2,Island,,341,Commander 2016,English
1,Island,,342,Commander 2016,English
2,Swamp,,343,Commander 2016,English
2,Swamp,,344,Commander 2016,English
1,Swamp,,345,Commander 2016,English
2,Mountain,,346,Commander 2016,English
2,Mountain,,347,Commander 2016,English
1,Mountain,,348,Commander 2016,English
2,Forest,,349,Commander 2016,English
2,Forest,,350,Commander 2016,English
1,Forest,,351,Commander 2016,English
3,Zombie // Goblin,,35,Extras: Commander 2016,English
2,Zombie // Elf Warrior,,36,Extras: Commander 2016,English
5,Zombie // Worm,,37,Extras: Commander 2016,English
