Count,Name,Foil,Card Number,Edition,Language
1,"Daretti, Scrap Savant",foil,4,Commander Anthology Volume II,English
1,"Bosh, Iron Golem",foil,5,Commander Anthology Volume II,English
1,Feldon of the Third Path,foil,6,Commander Anthology Volume II,English
1,Beetleback Chief,,83,Commander Anthology Volume II,English
1,Bitter Feud,,84,Commander Anthology Volume II,English
1,Blasphemous Act,,85,Commander Anthology Volume II,English
1,Bogardan Hellkite,,86,Commander Anthology Volume II,English
1,Chaos Warp,,89,Commander Anthology Volume II,English
1,Dualcaster Mage,,94,Commander Anthology Volume II,English
1,Faithless Looting,,96,Commander Anthology Volume II,English
1,Flametongue Kavu,,99,Commander Anthology Volume II,English
1,Goblin Welder,,101,Commander Anthology Volume II,English
1,Hoard-Smelter Dragon,,104,Commander Anthology Volume II,English
1,Impact Resonance,,107,Commander Anthology Volume II,English
1,Incite Rebellion,,108,Commander Anthology Volume II,English
1,Ingot Chewer,,110,Commander Anthology Volume II,English
1,Magmaquake,,112,Commander Anthology Volume II,English
1,Scrap Mastery,,116,Commander Anthology Volume II,English
1,Spitebellows,,117,Commander Anthology Volume II,English
1,Starstorm,,118,Commander Anthology Volume II,English
1,Tuktuk the Explorer,,124,Commander Anthology Volume II,English
1,Tyrant's Familiar,,125,Commander Anthology Volume II,English
1,Volcanic Offering,,126,Commander Anthology Volume II,English
1,Warmonger Hellkite,,128,Commander Anthology Volume II,English
1,Whipflare,,130,Commander Anthology Volume II,English
1,Word of Seizing,,131,Commander Anthology Volume II,English
1,Bottle Gnomes,,177,Commander Anthology Volume II,English
1,Caged Sun,,178,Commander Anthology Volume II,English
1,Cathodion,,179,Commander Anthology Volume II,English
1,Commander's Sphere,,182,Commander Anthology Volume II,English
1,Dreamstone Hedron,,186,Commander Anthology Volume II,English
1,Epochrasite,,187,Commander Anthology Volume II,English
1,Everflowing Chalice,,188,Commander Anthology Volume II,English
1,Fire Diamond,,190,Commander Anthology Volume II,English
1,Ichor Wellspring,,193,Commander Anthology Volume II,English
1,Jalum Tome,,194,Commander Anthology Volume II,English
1,Junk Diver,,195,Commander Anthology Volume II,English
1,Liquimetal Coating,,197,Commander Anthology Volume II,English
1,Loreseeker's Stone,,198,Commander Anthology Volume II,English
1,Mind Stone,,200,Commander Anthology Volume II,English
1,Mycosynth Wellspring,,201,Commander Anthology Volume II,English
1,Myr Battlesphere,,202,Commander Anthology Volume II,English
1,Myr Retriever,,203,Commander Anthology Volume II,English
1,Myr Sire,,204,Commander Anthology Volume II,English
1,Palladium Myr,,207,Commander Anthology Volume II,English
1,Panic Spellbomb,,208,Commander Anthology Volume II,English
1,Pentavus,,209,Commander Anthology Volume II,English
1,Pilgrim's Eye,,210,Commander Anthology Volume II,English
1,Pristine Talisman,,211,Commander Anthology Volume II,English
1,Ruby Medallion,,212,Commander Anthology Volume II,English
1,Sol Ring,,217,Commander Anthology Volume II,English
1,Solemn Simulacrum,,218,Commander Anthology Volume II,English
1,Spine of Ish Sah,,220,Commander Anthology Volume II,English
1,Steel Hellkite,,222,Commander Anthology Volume II,English
1,Swiftfoot Boots,,223,Commander Anthology Volume II,English
1,Trading Post,,225,Commander Anthology Volume II,English
1,Unstable Obelisk,,227,Commander Anthology Volume II,English
1,Wayfarer's Bauble,,229,Commander Anthology Volume II,English
1,Wurmcoil Engine,,231,Commander Anthology Volume II,English
1,Arcane Lighthouse,,233,Commander Anthology Volume II,English
1,Buried Ruin,,241,Commander Anthology Volume II,English
1,Darksteel Citadel,,243,Commander Anthology Volume II,English
1,Dormant Volcano,,246,Commander Anthology Volume II,English
1,Flamekin Village,,251,Commander Anthology Volume II,English
1,Forgotten Cave,,252,Commander Anthology Volume II,English
1,Ghost Quarter,,253,Commander Anthology Volume II,English
1,Great Furnace,,255,Commander Anthology Volume II,English
1,Phyrexia's Core,,261,Commander Anthology Volume II,English
1,Reliquary Tower,,262,Commander Anthology Volume II,English
1,Smoldering Crater,,268,Commander Anthology Volume II,English
1,Temple of the False God,,272,Commander Anthology Volume II,English
8,Mountain,,300,Commander Anthology Volume II,English
7,Mountain,,301,Commander Anthology Volume II,English
7,Mountain,,304,Commander Anthology Volume II,English
7,Mountain,,305,Commander Anthology Volume II,English
2,Myr,,12,Extras: Commander Anthology Volume II,English
5,Pentavite,,13,Extras: Commander Anthology Volume II,English
6,Triskelavite,,14,Extras: Commander Anthology Volume II,English
1,Tuktuk the Returned,,15,Extras: Commander Anthology Volume II,English
2,Wurm,,16,Extras: Commander Anthology Volume II,English
2,Wurm,,17,Extras: Commander Anthology Volume II,English
1,"Emblem: Daretti, Scrap Savant",,18,Extras: Commander Anthology Volume II,English
1,Experience,,19,Extras: Commander Anthology Volume II,English
