Count,Name,Foil,Card Number,Edition,Language
1,Anje Falkenrath,foil,,Oversized: Commander 2019,English
1,Anje Falkenrath,foil,,Commander 2019,English
1,Ob Nixilis Reignited,,,Commander 2019,English
1,"Chainer, Nightmare Adept",foil,,Commander 2019,English
1,"Greven, Predator Captain",foil,,Commander 2019,English
1,Anje's Ravager,,,Commander 2019,English
1,Archfiend of Spite,,,Commander 2019,English
1,Asylum Visitor,,,Commander 2019,English
1,Big Game Hunter,,,Commander 2019,English
1,Bloodhall Priest,,,Commander 2019,English
1,Bone Miser,,,Commander 2019,English
1,Champion of Stray Souls,,,Commander 2019,English
1,Doomed Necromancer,,,Commander 2019,English
1,Flayer of the Hatebound,,,Commander 2019,English
1,"Geth, Lord of the Vault",,,Commander 2019,English
1,Gorgon Recluse,,,Commander 2019,English
1,Grave Scrabbler,,,Commander 2019,English
1,"K'rrik, Son of Yawgmoth",,,Commander 2019,English
1,Magus of the Wheel,,,Commander 2019,English
1,Meteor Golem,,,Commander 2019,English
1,Nightshade Assassin,,,Commander 2019,English
1,Overseer of the Damned,,,Commander 2019,English
1,Plaguecrafter,,,Commander 2019,English
1,Sanitarium Skeleton,,,Commander 2019,English
1,Scaretiller,,,Commander 2019,English
1,Skyfire Phoenix,,,Commander 2019,English
1,Solemn Simulacrum,,,Commander 2019,English
1,Soul of Innistrad,,,Commander 2019,English
1,"Squee, Goblin Nabob",,,Commander 2019,English
1,Stromkirk Occultist,,,Commander 2019,English
1,Wildfire Devils,,,Commander 2019,English
1,Alchemist's Greeting,,,Commander 2019,English
1,Avacyn's Judgment,,,Commander 2019,English
1,Boneyard Parley,,,Commander 2019,English
1,Beacon of Unrest,,,Commander 2019,English
1,Call to the Netherworld,,,Commander 2019,English
1,Hate Mirage,,,Commander 2019,English
1,From Under the Floorboards,,,Commander 2019,English
1,In Garruk's Wake,,,Commander 2019,English
1,Malevolent Whispers,,,Commander 2019,English
1,Mire in Misery,,,Commander 2019,English
1,Murderous Compulsion,,,Commander 2019,English
1,Nightmare Unmaking,,,Commander 2019,English
1,Chaos Warp,,,Commander 2019,English
1,Dark Withering,,,Commander 2019,English
1,Fiery Temper,,,Commander 2019,English
1,Violent Eruption,,,Commander 2019,English
1,Aeon Engine,,,Commander 2019,English
1,Armillary Sphere,,,Commander 2019,English
1,Bloodthirsty Blade,,,Commander 2019,English
1,Grimoire of the Dead,,,Commander 2019,English
1,Hedron Archive,,,Commander 2019,English
1,Key to the City,,,Commander 2019,English
1,Rakdos Locket,,,Commander 2019,English
1,Sol Ring,,,Commander 2019,English
1,Curse of Fool's Wisdom,,,Commander 2019,English
1,The Eldest Reborn,,,Commander 2019,English
1,Faith of the Devoted,,,Commander 2019,English
1,Hedonist's Trove,,,Commander 2019,English
1,Warstorm Surge,,,Commander 2019,English
1,Zombie Infestation,,,Commander 2019,English
1,Akoum Refuge,,,Commander 2019,English
1,Ash Barrens,,,Commander 2019,English
1,Barren Moor,,,Commander 2019,English
1,Bloodfell Caves,,,Commander 2019,English
1,Cinder Barrens,,,Commander 2019,English
1,Command Tower,,,Commander 2019,English
1,Drownyard Temple,,,Commander 2019,English
1,Evolving Wilds,,,Commander 2019,English
1,Exotic Orchard,,,Commander 2019,English
1,Forgotten Cave,,,Commander 2019,English
1,Geier Reach Sanitarium,,,Commander 2019,English
1,Memorial to Folly,,,Commander 2019,English
1,Mortuary Mire,,,Commander 2019,English
1,Myriad Landscape,,,Commander 2019,English
1,Rakdos Carnarium,,,Commander 2019,English
1,Rakdos Guildgate,,,Commander 2019,English
1,"Rix Maadi, Dungeon Palace",,,Commander 2019,English
1,Sanctum of Eternity,,,Commander 2019,English
1,Temple of the False God,,,Commander 2019,English
1,Terramorphic Expanse,,,Commander 2019,English
5,Swamp,,294,Commander 2019,English
5,Swamp,,295,Commander 2019,English
5,Mountain,,297,Commander 2019,English
5,Mountain,,298,Commander 2019,English
9,Zombie // Zombie,,38,Extras: Commander 2019,English
1,Emblem: Ob Nixilis Reignited // Zombie,,50,Extras: Commander 2019,English
