Count,Name,Foil,Card Number,Edition,Language
2,Tower Geist,,53,Dark Ascension,English
3,Dawntreader Elk,,111,Dark Ascension,English
1,Ghoultree,foil,115,Dark Ascension,English
2,Grim Flowering,,117,Dark Ascension,English
2,Hollowhenge Beast,,118,Dark Ascension,English
2,Tracker's Instincts,,128,Dark Ascension,English
1,Executioner's Hood,,148,Dark Ascension,English
3,Armored Skaab,,43,Innistrad,English
2,Deranged Assistant,,52,Innistrad,English
2,Moon Heron,,69,Innistrad,English
2,Ambush Viper,,169,Innistrad,English
2,Boneyard Wurm,,171,Innistrad,English
1,Gnaw to the Bone,,183,Innistrad,English
2,Mulch,,196,Innistrad,English
1,Splinterfright,,205,Innistrad,English
2,Wreath of Geists,,211,Innistrad,English
4,Island,,253,Innistrad,English
3,Island,,254,Innistrad,English
3,Island,,255,Innistrad,English
5,Forest,,262,Innistrad,English
5,Forest,,263,Innistrad,English
4,Forest,,264,Innistrad,English
1,Aether Adept,,41,Magic 2012,English
1,Alluring Siren,,42,Magic 2012,English
2,Chasm Drake,,48,Magic 2012,English
1,Acidic Slime,,161,Magic 2012,English
1,Brindle Boar,,167,Magic 2012,English
