Count,Name,Foil,Card Number,Edition,Language
1,Lord Windgrace,foil,43,Oversized: Commander 2018,English
1,Bloodtracker,,14,Commander 2018,English
1,Loyal Subordinate,,16,Commander 2018,English
1,Emissary of Grudges,,20,Commander 2018,English
1,Fury Storm,,22,Commander 2018,English
1,Loyal Apprentice,,23,Commander 2018,English
1,Nesting Dragon,,24,Commander 2018,English
1,Reality Scramble,,25,Commander 2018,English
1,Crash of Rhino Beetles,,29,Commander 2018,English
1,Loyal Guardian,,31,Commander 2018,English
1,Turntimber Sower,,35,Commander 2018,English
1,Whiptongue Hydra,,36,Commander 2018,English
1,"Gyrus, Waker of Corpses",foil,41,Commander 2018,English
1,Lord Windgrace,foil,43,Commander 2018,English
1,"Thantis, the Warweaver",foil,46,Commander 2018,English
1,Windgrace's Judgment,,49,Commander 2018,English
1,"Xantcha, Sleeper Agent",,50,Commander 2018,English
1,Forge of Heroes,,58,Commander 2018,English
1,Moonlight Bargain,,114,Commander 2018,English
1,Retreat to Hagra,,116,Commander 2018,English
1,Ruinous Path,,117,Commander 2018,English
1,Soul of Innistrad,,118,Commander 2018,English
1,Stitch Together,,119,Commander 2018,English
1,Chain Reaction,,121,Commander 2018,English
1,Flameblast Dragon,,123,Commander 2018,English
1,Acidic Slime,,127,Commander 2018,English
1,Avenger of Zendikar,,129,Commander 2018,English
1,Baloth Woodcrasher,,130,Commander 2018,English
1,Borderland Explorer,,133,Commander 2018,English
1,Budoka Gardener,,134,Commander 2018,English
1,Centaur Vinecrasher,,135,Commander 2018,English
1,Consign to Dust,,136,Commander 2018,English
1,Cultivate,,138,Commander 2018,English
1,Explore,,143,Commander 2018,English
1,Explosive Vegetation,,144,Commander 2018,English
1,Far Wanderings,,145,Commander 2018,English
1,Farhaven Elf,,146,Commander 2018,English
1,Grapple with the Past,,148,Commander 2018,English
1,Harrow,,150,Commander 2018,English
1,Hunting Wilds,,152,Commander 2018,English
1,Khalni Heart Expedition,,154,Commander 2018,English
1,Moldgraf Monstrosity,,156,Commander 2018,English
1,Rampaging Baloths,,158,Commander 2018,English
1,Sakura-Tribe Elder,,160,Commander 2018,English
1,Scute Mob,,161,Commander 2018,English
1,Yavimaya Elder,,166,Commander 2018,English
1,Charnelhoard Wurm,,171,Commander 2018,English
1,Deathreap Ritual,,174,Commander 2018,English
1,Decimate,,175,Commander 2018,English
1,Gaze of Granite,,181,Commander 2018,English
1,Grisly Salvage,,182,Commander 2018,English
1,Lavalanche,,184,Commander 2018,English
1,Putrefy,,187,Commander 2018,English
1,Rubblehulk,,189,Commander 2018,English
1,Savage Twister,,190,Commander 2018,English
1,Worm Harvest,,194,Commander 2018,English
1,Zendikar Incarnate,,195,Commander 2018,English
1,Seer's Sundial,,221,Commander 2018,English
1,Sol Ring,,222,Commander 2018,English
1,Akoum Refuge,,231,Commander 2018,English
1,Barren Moor,,235,Commander 2018,English
1,Blighted Woodland,,236,Commander 2018,English
1,Bojuka Bog,,238,Commander 2018,English
1,Command Tower,,240,Commander 2018,English
1,Evolving Wilds,,245,Commander 2018,English
1,Forgotten Cave,,246,Commander 2018,English
1,Golgari Rot Farm,,249,Commander 2018,English
1,Grim Backwoods,,251,Commander 2018,English
1,Gruul Turf,,252,Commander 2018,English
1,Haunted Fengraf,,254,Commander 2018,English
1,Jund Panorama,,258,Commander 2018,English
1,Jungle Hollow,,259,Commander 2018,English
1,Kazandu Refuge,,261,Commander 2018,English
1,Khalni Garden,,262,Commander 2018,English
1,Mountain Valley,,268,Commander 2018,English
1,Myriad Landscape,,269,Commander 2018,English
1,Rakdos Carnarium,,273,Commander 2018,English
1,Rocky Tar Pit,,274,Commander 2018,English
1,Savage Lands,,275,Commander 2018,English
1,Temple of the False God,,285,Commander 2018,English
1,Terramorphic Expanse,,286,Commander 2018,English
1,Tranquil Thicket,,290,Commander 2018,English
1,Warped Landscape,,291,Commander 2018,English
2,Swamp,,299,Commander 2018,English
2,Swamp,,300,Commander 2018,English
2,Swamp,,301,Commander 2018,English
2,Mountain,,302,Commander 2018,English
2,Mountain,,303,Commander 2018,English
1,Mountain,,304,Commander 2018,English
3,Forest,,305,Commander 2018,English
2,Forest,,306,Commander 2018,English
2,Forest,,307,Commander 2018,English
2,Token: Dragon Egg // Dragon,,38,Extras: Commander 2018,English
1,Beast // Plant,,40,Extras: Commander 2018,English
1,Cat Warrior // Beast,,41,Extras: Commander 2018,English
1,Cat Warrior // Elemental,,42,Extras: Commander 2018,English
1,Cat Warrior // Plant,,43,Extras: Commander 2018,English
2,Cat Warrior // Worm,,44,Extras: Commander 2018,English
1,Cat Warrior // Thopter,,45,Extras: Commander 2018,English
1,Elemental // Thopter,,46,Extras: Commander 2018,English
