Count,Name,Foil,Card Number,Edition,Language
1,Edgar Markov,foil,36,Oversized: Commander 2017,English
1,Curse of Vitality,,3,Commander 2017,English
1,Kindred Boon,,5,Commander 2017,English
1,Teferi's Protection,,8,Commander 2017,English
1,Bloodline Necromancer,,14,Commander 2017,English
1,Curse of Disturbance,,16,Commander 2017,English
1,Kheru Mind-Eater,,17,Commander 2017,English
1,New Blood,,19,Commander 2017,English
1,Patron of the Vein,,20,Commander 2017,English
1,Bloodsworn Steward,,22,Commander 2017,English
1,Crimson Honor Guard,,23,Commander 2017,English
1,Disrupt Decorum,,25,Commander 2017,English
1,Kindred Charge,,27,Commander 2017,English
1,Edgar Markov,foil,36,Commander 2017,English
1,"Licia, Sanguine Tribune",foil,40,Commander 2017,English
1,"Mathas, Fiend Seeker",foil,42,Commander 2017,English
1,Heirloom Blade,,52,Commander 2017,English
1,Path of Ancestry,,56,Commander 2017,English
1,Blind Obedience,,57,Commander 2017,English
1,Fell the Mighty,,60,Commander 2017,English
1,Return to Dust,,70,Commander 2017,English
1,Swords to Plowshares,,76,Commander 2017,English
1,Ambition's Cost,,95,Commander 2017,English
1,"Anowon, the Ruin Sage",,96,Commander 2017,English
1,Black Market,,98,Commander 2017,English
1,Blood Artist,,99,Commander 2017,English
1,Blood Tribute,,100,Commander 2017,English
1,Bloodhusk Ritualist,,101,Commander 2017,English
1,Bloodlord of Vaasgoth,,102,Commander 2017,English
1,Butcher of Malakir,,103,Commander 2017,English
1,Captivating Vampire,,104,Commander 2017,English
1,Consuming Vapors,,105,Commander 2017,English
1,Damnable Pact,,108,Commander 2017,English
1,Dark Impostor,,109,Commander 2017,English
1,"Drana, Kalastria Bloodchief",,112,Commander 2017,English
1,Falkenrath Noble,,113,Commander 2017,English
1,Go for the Throat,,114,Commander 2017,English
1,Malakir Bloodwitch,,116,Commander 2017,English
1,Pawn of Ulamog,,120,Commander 2017,English
1,Read the Bones,,122,Commander 2017,English
1,Sangromancer,,123,Commander 2017,English
1,Sanguine Bond,,124,Commander 2017,English
1,Skeletal Scrying,,125,Commander 2017,English
1,Skeletal Vampire,,126,Commander 2017,English
1,Syphon Mind,,127,Commander 2017,English
1,Underworld Connections,,128,Commander 2017,English
1,Vampire Nighthawk,,129,Commander 2017,English
1,Vein Drinker,,130,Commander 2017,English
1,Outpost Siege,,139,Commander 2017,English
1,Rakish Heir,,140,Commander 2017,English
1,Blood Baron of Vizkopa,,164,Commander 2017,English
1,Crackling Doom,,167,Commander 2017,English
1,Merciless Eviction,,179,Commander 2017,English
1,Mortify,,182,Commander 2017,English
1,Stromkirk Captain,,197,Commander 2017,English
1,Tithe Drinker,,200,Commander 2017,English
1,Blade of the Bloodchief,,204,Commander 2017,English
1,Boros Signet,,205,Commander 2017,English
1,Door of Destinies,,208,Commander 2017,English
1,Orzhov Signet,,219,Commander 2017,English
1,Rakdos Signet,,221,Commander 2017,English
1,Skullclamp,,222,Commander 2017,English
1,Sol Ring,,223,Commander 2017,English
1,Well of Lost Dreams,,231,Commander 2017,English
1,Worn Powerstone,,232,Commander 2017,English
1,Akoum Refuge,,233,Commander 2017,English
1,Bloodfell Caves,,236,Commander 2017,English
1,Bojuka Bog,,238,Commander 2017,English
1,Boros Garrison,,239,Commander 2017,English
1,Boros Guildgate,,240,Commander 2017,English
1,Cinder Barrens,,241,Commander 2017,English
1,Command Tower,,242,Commander 2017,English
1,Evolving Wilds,,248,Commander 2017,English
1,Forsaken Sanctuary,,250,Commander 2017,English
1,Kabira Crossroads,,259,Commander 2017,English
1,Nomad Outpost,,265,Commander 2017,English
1,Opal Palace,,266,Commander 2017,English
1,Orzhov Basilica,,268,Commander 2017,English
1,Orzhov Guildgate,,269,Commander 2017,English
1,Rakdos Carnarium,,270,Commander 2017,English
1,Rakdos Guildgate,,271,Commander 2017,English
1,Scoured Barrens,,276,Commander 2017,English
1,Stone Quarry,,282,Commander 2017,English
1,Terramorphic Expanse,,285,Commander 2017,English
1,Urborg Volcano,,288,Commander 2017,English
1,Wind-Scarred Crag,,294,Commander 2017,English
1,Plains,,295,Commander 2017,English
1,Plains,,296,Commander 2017,English
1,Plains,,297,Commander 2017,English
3,Swamp,,301,Commander 2017,English
3,Swamp,,302,Commander 2017,English
2,Swamp,,303,Commander 2017,English
2,Mountain,,304,Commander 2017,English
1,Mountain,,305,Commander 2017,English
1,Mountain,,306,Commander 2017,English
5,Bat // Vampire,,14,Extras: Commander 2017,English
4,Vampire // Zombie,,16,Extras: Commander 2017,English
1,Vampire // Eldrazi Spawn,,17,Extras: Commander 2017,English
