Count,Name,Foil,Card Number,Edition,Language
1,Aerie Mystics,,1,Commander Anthology,English
1,Akroma's Vengeance,,2,Commander Anthology,English
1,Angel of Finality,,3,Commander Anthology,English
1,Angelic Arbiter,,4,Commander Anthology,English
1,Archangel of Strife,,5,Commander Anthology,English
1,Bathe in Light,,6,Commander Anthology,English
1,Congregate,,7,Commander Anthology,English
1,Curse of the Forsaken,,8,Commander Anthology,English
1,Darksteel Mutation,,9,Commander Anthology,English
1,Fiend Hunter,,10,Commander Anthology,English
1,Flickerform,,11,Commander Anthology,English
1,Flickerwisp,,12,Commander Anthology,English
1,Karmic Guide,,13,Commander Anthology,English
1,Kirtar's Wrath,,14,Commander Anthology,English
1,Lightkeeper of Emeria,,15,Commander Anthology,English
1,Mirror Entity,,16,Commander Anthology,English
1,Mother of Runes,,17,Commander Anthology,English
1,Orim's Thunder,,18,Commander Anthology,English
1,Path to Exile,,19,Commander Anthology,English
1,Return to Dust,,20,Commander Anthology,English
1,Righteous Cause,,21,Commander Anthology,English
1,Serra Angel,,22,Commander Anthology,English
1,Shattered Angel,,23,Commander Anthology,English
1,Soul Snare,,24,Commander Anthology,English
1,Stonecloaker,,25,Commander Anthology,English
1,Tempt with Glory,,26,Commander Anthology,English
1,Unexpectedly Absent,,27,Commander Anthology,English
1,Voice of All,,28,Commander Anthology,English
1,Vow of Duty,,29,Commander Anthology,English
1,Arcane Denial,,30,Commander Anthology,English
1,"Azami, Lady of Scrolls",,31,Commander Anthology,English
1,Blue Sun's Zenith,,32,Commander Anthology,English
1,"Borrowing 100,000 Arrows",,33,Commander Anthology,English
1,Control Magic,,34,Commander Anthology,English
1,Curse of Inertia,,35,Commander Anthology,English
1,Deceiver Exarch,,36,Commander Anthology,English
1,Diviner Spirit,,37,Commander Anthology,English
1,Djinn of Infinite Deceits,,38,Commander Anthology,English
1,Dungeon Geists,,39,Commander Anthology,English
1,Hada Spy Patrol,,40,Commander Anthology,English
1,"Lu Xun, Scholar General",,41,Commander Anthology,English
1,Thornwind Faeries,,42,Commander Anthology,English
1,Wash Out,,43,Commander Anthology,English
1,Wonder,,44,Commander Anthology,English
1,Altar's Reap,,45,Commander Anthology,English
1,Ambition's Cost,,46,Commander Anthology,English
1,Banshee of the Dread Choir,,47,Commander Anthology,English
1,Barter in Blood,,48,Commander Anthology,English
1,Blood Bairn,,49,Commander Anthology,English
1,Butcher of Malakir,,50,Commander Anthology,English
1,Champion of Stray Souls,,51,Commander Anthology,English
1,Corpse Augur,,52,Commander Anthology,English
1,Diabolic Servitude,,53,Commander Anthology,English
1,Diabolic Tutor,,54,Commander Anthology,English
1,Dread Cacodemon,,55,Commander Anthology,English
1,Dread Summons,,56,Commander Anthology,English
1,Eater of Hope,,57,Commander Anthology,English
1,Evincar's Justice,,58,Commander Anthology,English
1,Extractor Demon,,59,Commander Anthology,English
1,Fallen Angel,,60,Commander Anthology,English
1,Phyrexian Plaguelord,,61,Commander Anthology,English
1,Phyrexian Rager,,62,Commander Anthology,English
1,Razorjaw Oni,,63,Commander Anthology,English
1,Reiver Demon,,64,Commander Anthology,English
1,Rise from the Grave,,65,Commander Anthology,English
1,Scourge of Nel Toth,,66,Commander Anthology,English
1,Sever the Bloodline,,67,Commander Anthology,English
1,Shriekmaw,,68,Commander Anthology,English
1,Syphon Flesh,,69,Commander Anthology,English
1,Syphon Mind,,70,Commander Anthology,English
1,Thief of Blood,,71,Commander Anthology,English
1,Victimize,,72,Commander Anthology,English
1,Vow of Malice,,73,Commander Anthology,English
1,Wretched Confluence,,74,Commander Anthology,English
1,"Akroma, Angel of Fury",,75,Commander Anthology,English
1,Anger,,76,Commander Anthology,English
1,Avatar of Slaughter,,77,Commander Anthology,English
1,Cleansing Beam,,78,Commander Anthology,English
1,Comet Storm,,79,Commander Anthology,English
1,Death by Dragons,,80,Commander Anthology,English
1,Dragon Whelp,,81,Commander Anthology,English
1,Earthquake,,82,Commander Anthology,English
1,Furnace Whelp,,83,Commander Anthology,English
1,Mana-Charged Dragon,,84,Commander Anthology,English
1,Oni of Wild Places,,85,Commander Anthology,English
1,Pyrohemia,,86,Commander Anthology,English
1,Stranglehold,,87,Commander Anthology,English
1,Sulfurous Blast,,88,Commander Anthology,English
1,Vow of Lightning,,89,Commander Anthology,English
2,Acidic Slime,,90,Commander Anthology,English
1,Bane of Progress,,91,Commander Anthology,English
1,Beastmaster Ascension,,92,Commander Anthology,English
1,Bloodspore Thrinax,,93,Commander Anthology,English
1,Caller of the Pack,,94,Commander Anthology,English
1,Centaur Vinecrasher,,95,Commander Anthology,English
1,Cloudthresher,,96,Commander Anthology,English
1,Collective Unconscious,,97,Commander Anthology,English
1,Creeperhulk,,98,Commander Anthology,English
1,Curse of Predation,,99,Commander Anthology,English
1,Desert Twister,,100,Commander Anthology,English
1,Drove of Elves,,101,Commander Anthology,English
1,Elvish Archdruid,,102,Commander Anthology,English
1,Elvish Mystic,,103,Commander Anthology,English
1,Elvish Skysweeper,,104,Commander Anthology,English
1,Elvish Visionary,,105,Commander Anthology,English
1,Essence Warden,,106,Commander Anthology,English
1,Eternal Witness,,107,Commander Anthology,English
1,"Ezuri, Renegade Leader",,108,Commander Anthology,English
2,Farhaven Elf,,109,Commander Anthology,English
1,Fresh Meat,,110,Commander Anthology,English
1,"Freyalise, Llanowar's Fury",foil,111,Commander Anthology,English
1,Grave Sifter,,112,Commander Anthology,English
1,Great Oak Guardian,,113,Commander Anthology,English
1,Grim Flowering,,114,Commander Anthology,English
1,Harrow,,115,Commander Anthology,English
1,Hunting Triad,,116,Commander Anthology,English
1,Immaculate Magistrate,,117,Commander Anthology,English
1,Imperious Perfect,,118,Commander Anthology,English
1,Indrik Stomphowler,,119,Commander Anthology,English
1,Joraga Warcaller,,120,Commander Anthology,English
1,Kazandu Tuskcaller,,121,Commander Anthology,English
1,Kessig Cagebreakers,,122,Commander Anthology,English
1,Krosan Grip,,123,Commander Anthology,English
1,Lifeblood Hydra,,124,Commander Anthology,English
1,Llanowar Elves,,125,Commander Anthology,English
1,Lys Alana Huntmaster,,126,Commander Anthology,English
1,Masked Admirers,,127,Commander Anthology,English
1,Mulch,,128,Commander Anthology,English
1,Mycoloth,,129,Commander Anthology,English
1,Overrun,,130,Commander Anthology,English
2,Overwhelming Stampede,,131,Commander Anthology,English
1,Pathbreaker Ibex,,132,Commander Anthology,English
1,Phantom Nantuko,,133,Commander Anthology,English
1,Praetor's Counsel,,134,Commander Anthology,English
1,Presence of Gond,,135,Commander Anthology,English
1,Priest of Titania,,136,Commander Anthology,English
1,Primal Growth,,137,Commander Anthology,English
1,Primordial Sage,,138,Commander Anthology,English
1,Rampaging Baloths,,139,Commander Anthology,English
1,Reclamation Sage,,140,Commander Anthology,English
1,Restore,,141,Commander Anthology,English
1,Sakura-Tribe Elder,,142,Commander Anthology,English
1,Satyr Wayfinder,,143,Commander Anthology,English
1,Siege Behemoth,,144,Commander Anthology,English
1,Silklash Spider,,145,Commander Anthology,English
1,Skullwinder,,146,Commander Anthology,English
1,Song of the Dryads,,147,Commander Anthology,English
1,Soul of the Harvest,,148,Commander Anthology,English
1,Spider Spawning,,149,Commander Anthology,English
1,Sylvan Offering,,150,Commander Anthology,English
1,Sylvan Ranger,,151,Commander Anthology,English
1,Sylvan Safekeeper,,152,Commander Anthology,English
2,Terastodon,,153,Commander Anthology,English
1,Thornweald Archer,,154,Commander Anthology,English
1,Thunderfoot Baloth,,155,Commander Anthology,English
1,Timberwatch Elf,,156,Commander Anthology,English
1,"Titania, Protector of Argoth",,157,Commander Anthology,English
1,Titania's Chosen,,158,Commander Anthology,English
1,Tornado Elemental,,159,Commander Anthology,English
1,Tribute to the Wild,,160,Commander Anthology,English
1,Verdant Force,,161,Commander Anthology,English
1,Viridian Emissary,,162,Commander Anthology,English
1,Viridian Zealot,,163,Commander Anthology,English
1,Wall of Blossoms,,164,Commander Anthology,English
1,Wave of Vitriol,,165,Commander Anthology,English
1,Wellwisher,,166,Commander Anthology,English
1,Whirlwind,,167,Commander Anthology,English
1,Wolfbriar Elemental,,168,Commander Anthology,English
1,Wolfcaller's Howl,,169,Commander Anthology,English
2,Wood Elves,,170,Commander Anthology,English
1,Wren's Run Packmaster,,171,Commander Anthology,English
1,Aethermage's Touch,,172,Commander Anthology,English
1,Angel of Despair,,173,Commander Anthology,English
1,"Basandra, Battle Seraph",,174,Commander Anthology,English
1,Bladewing the Risen,,175,Commander Anthology,English
1,"Derevi, Empyrial Tactician",foil,176,Commander Anthology,English
1,Golgari Charm,,177,Commander Anthology,English
1,Grisly Salvage,,178,Commander Anthology,English
1,"Jarad, Golgari Lich Lord",,179,Commander Anthology,English
1,Kaalia of the Vast,foil,180,Commander Anthology,English
1,Korozda Guildmage,,181,Commander Anthology,English
1,Leafdrake Roost,,182,Commander Anthology,English
1,Lotleth Troll,,183,Commander Anthology,English
1,Malfegor,,184,Commander Anthology,English
1,"Mazirek, Kraul Death Priest",,185,Commander Anthology,English
1,Meren of Clan Nel Toth,foil,186,Commander Anthology,English
1,Mortify,,187,Commander Anthology,English
1,"Oros, the Avenger",,188,Commander Anthology,English
1,Putrefy,,189,Commander Anthology,English
1,Roon of the Hidden Realm,,190,Commander Anthology,English
1,Rubinia Soulsinger,,191,Commander Anthology,English
1,Selesnya Charm,,192,Commander Anthology,English
1,Skyward Eye Prophets,,193,Commander Anthology,English
1,"Tariel, Reckoner of Souls",,194,Commander Anthology,English
1,Terminate,,195,Commander Anthology,English
1,Vulturous Zombie,,196,Commander Anthology,English
1,Winged Coatl,,197,Commander Anthology,English
1,Wrecking Ball,,198,Commander Anthology,English
1,Boros Guildmage,,199,Commander Anthology,English
1,Duergar Hedge-Mage,,200,Commander Anthology,English
1,Gwyllion Hedge-Mage,,201,Commander Anthology,English
1,Master Warcraft,,202,Commander Anthology,English
1,Mistmeadow Witch,,203,Commander Anthology,English
1,Murkfiend Liege,,204,Commander Anthology,English
1,Orzhov Guildmage,,205,Commander Anthology,English
1,Selesnya Guildmage,,206,Commander Anthology,English
1,Armillary Sphere,,207,Commander Anthology,English
1,Assault Suit,,208,Commander Anthology,English
1,Azorius Keyrune,,209,Commander Anthology,English
1,Basalt Monolith,,210,Commander Anthology,English
1,Bonehoard,,211,Commander Anthology,English
1,Boros Signet,,212,Commander Anthology,English
1,Commander's Sphere,,213,Commander Anthology,English
1,Conjurer's Closet,,214,Commander Anthology,English
2,Darksteel Ingot,,215,Commander Anthology,English
1,Eldrazi Monument,,216,Commander Anthology,English
1,Emerald Medallion,,217,Commander Anthology,English
1,Golgari Signet,,218,Commander Anthology,English
1,Leonin Bladetrap,,219,Commander Anthology,English
2,Lightning Greaves,,220,Commander Anthology,English
1,Loreseeker's Stone,,221,Commander Anthology,English
1,Moss Diamond,,222,Commander Anthology,English
1,Orzhov Signet,,223,Commander Anthology,English
1,Pilgrim's Eye,,224,Commander Anthology,English
1,"Predator, Flagship",,225,Commander Anthology,English
1,Rakdos Signet,,226,Commander Anthology,English
1,Seer's Sundial,,227,Commander Anthology,English
1,Selesnya Signet,,228,Commander Anthology,English
1,Simic Signet,,229,Commander Anthology,English
2,Skullclamp,,230,Commander Anthology,English
4,Sol Ring,,231,Commander Anthology,English
1,Surveyor's Scope,,232,Commander Anthology,English
2,Swiftfoot Boots,,233,Commander Anthology,English
1,Sword of the Paruns,,234,Commander Anthology,English
1,Thought Vessel,,235,Commander Anthology,English
1,Thousand-Year Elixir,,236,Commander Anthology,English
1,Thunderstaff,,237,Commander Anthology,English
1,Akoum Refuge,,238,Commander Anthology,English
1,Azorius Chancery,,239,Commander Anthology,English
1,Azorius Guildgate,,240,Commander Anthology,English
1,Bant Panorama,,241,Commander Anthology,English
1,Barren Moor,,242,Commander Anthology,English
1,Bojuka Bog,,243,Commander Anthology,English
1,Boros Garrison,,244,Commander Anthology,English
3,Command Tower,,245,Commander Anthology,English
1,Crystal Vein,,246,Commander Anthology,English
4,Evolving Wilds,,247,Commander Anthology,English
1,Faerie Conclave,,248,Commander Anthology,English
1,Forgotten Cave,,249,Commander Anthology,English
1,Gargoyle Castle,,250,Commander Anthology,English
1,Ghost Quarter,,251,Commander Anthology,English
1,Golgari Guildgate,,252,Commander Anthology,English
1,Golgari Rot Farm,,253,Commander Anthology,English
1,Grim Backwoods,,254,Commander Anthology,English
1,Haunted Fengraf,,255,Commander Anthology,English
1,Havenwood Battleground,,256,Commander Anthology,English
1,High Market,,257,Commander Anthology,English
1,Jungle Basin,,258,Commander Anthology,English
1,Jungle Hollow,,259,Commander Anthology,English
1,Molten Slagheap,,260,Commander Anthology,English
1,Myriad Landscape,,261,Commander Anthology,English
1,Opal Palace,,262,Commander Anthology,English
1,"Oran-Rief, the Vastwood",,263,Commander Anthology,English
1,Orzhov Basilica,,264,Commander Anthology,English
1,Polluted Mire,,265,Commander Anthology,English
1,Rakdos Carnarium,,266,Commander Anthology,English
2,Rupture Spire,,267,Commander Anthology,English
1,Saltcrusted Steppe,,268,Commander Anthology,English
1,Seaside Citadel,,269,Commander Anthology,English
2,Secluded Steppe,,270,Commander Anthology,English
1,Sejiri Refuge,,271,Commander Anthology,English
1,Selesnya Guildgate,,272,Commander Anthology,English
1,Selesnya Sanctuary,,273,Commander Anthology,English
1,Simic Guildgate,,274,Commander Anthology,English
2,Slippery Karst,,275,Commander Anthology,English
1,Tainted Wood,,276,Commander Anthology,English
1,Temple of the False God,,277,Commander Anthology,English
3,Terramorphic Expanse,,278,Commander Anthology,English
1,Tranquil Thicket,,279,Commander Anthology,English
1,Transguild Promenade,,280,Commander Anthology,English
1,Vivid Grove,,281,Commander Anthology,English
1,Vivid Marsh,,282,Commander Anthology,English
1,Vivid Meadow,,283,Commander Anthology,English
1,Zoetic Cavern,,284,Commander Anthology,English
2,Plains,,285,Commander Anthology,English
2,Plains,,286,Commander Anthology,English
2,Plains,,287,Commander Anthology,English
2,Plains,,288,Commander Anthology,English
1,Plains,,289,Commander Anthology,English
2,Plains,,290,Commander Anthology,English
2,Plains,,291,Commander Anthology,English
2,Plains,,292,Commander Anthology,English
1,Island,,293,Commander Anthology,English
2,Island,,294,Commander Anthology,English
2,Island,,295,Commander Anthology,English
2,Island,,296,Commander Anthology,English
3,Swamp,,297,Commander Anthology,English
4,Swamp,,298,Commander Anthology,English
3,Swamp,,299,Commander Anthology,English
2,Swamp,,300,Commander Anthology,English
2,Swamp,,301,Commander Anthology,English
3,Swamp,,302,Commander Anthology,English
2,Swamp,,303,Commander Anthology,English
2,Swamp,,304,Commander Anthology,English
2,Mountain,,305,Commander Anthology,English
2,Mountain,,306,Commander Anthology,English
2,Mountain,,307,Commander Anthology,English
2,Mountain,,308,Commander Anthology,English
2,Forest,,309,Commander Anthology,English
6,Forest,,310,Commander Anthology,English
3,Forest,,311,Commander Anthology,English
3,Forest,,312,Commander Anthology,English
3,Forest,,313,Commander Anthology,English
3,Forest,,314,Commander Anthology,English
6,Forest,,315,Commander Anthology,English
6,Forest,,316,Commander Anthology,English
2,Forest,,317,Commander Anthology,English
1,Forest,,318,Commander Anthology,English
7,Forest,,319,Commander Anthology,English
1,Forest,,320,Commander Anthology,English
1,Kithkin Soldier,,1,Extras: Commander Anthology,English
1,Knight,,2,Extras: Commander Anthology,English
2,Spirit,,3,Extras: Commander Anthology,English
1,Germ,,4,Extras: Commander Anthology,English
6,Zombie,,5,Extras: Commander Anthology,English
4,Dragon,,6,Extras: Commander Anthology,English
4,Beast,,7,Extras: Commander Anthology,English
4,Beast,,8,Extras: Commander Anthology,English
4,Elemental,,9,Extras: Commander Anthology,English
8,Elephant,,10,Extras: Commander Anthology,English
4,Elf Druid,,11,Extras: Commander Anthology,English
11,Elf Warrior,,12,Extras: Commander Anthology,English
9,Saproling,,13,Extras: Commander Anthology,English
4,Spider,,14,Extras: Commander Anthology,English
1,Treefolk,,15,Extras: Commander Anthology,English
6,Wolf,,16,Extras: Commander Anthology,English
4,Wolf,,17,Extras: Commander Anthology,English
4,Drake,,18,Extras: Commander Anthology,English
1,Gargoyle,,19,Extras: Commander Anthology,English
1,Experience,,20,Extras: Commander Anthology,English
