Count,Name,Foil,Card Number,Edition,Language
1,"Numot, the Devastator",foil,7,Oversized: Commander,English
1,Ruhan of the Fomori,foil,10,Oversized: Commander,English
1,Zedruu the Greathearted,foil,15,Oversized: Commander,English
1,Arbiter of Knollridge,,6,Commander,English
1,Austere Command,,8,Commander,English
1,Crescendo of War,,12,Commander,English
1,False Prophet,,13,Commander,English
1,Ghostly Prison,,14,Commander,English
1,Jotun Grunt,,16,Commander,English
1,Journey to Nowhere,,17,Commander,English
1,Martyr's Bond,,19,Commander,English
1,Oblation,,22,Commander,English
1,Pollen Lullaby,,26,Commander,English
1,Prison Term,,27,Commander,English
1,Soul Snare,,32,Commander,English
1,Spurnmage Advocate,,33,Commander,English
1,Vow of Duty,,36,Commander,English
1,Wall of Omens,,37,Commander,English
1,Windborn Muse,,38,Commander,English
1,Brainstorm,,40,Commander,English
1,Chromeshell Crab,,41,Commander,English
1,Court Hussar,,43,Commander,English
1,Flusterstorm,,46,Commander,English
1,Fog Bank,,47,Commander,English
1,Gomazoa,,48,Commander,English
1,Guard Gomazoa,,49,Commander,English
1,Murmurs from Beyond,,53,Commander,English
1,Perilous Research,,54,Commander,English
1,Propaganda,,55,Commander,English
1,Reins of Power,,57,Commander,English
1,Repulse,,58,Commander,English
1,Scattering Stroke,,60,Commander,English
1,Skyscribing,,61,Commander,English
1,Spell Crumple,,63,Commander,English
1,Trade Secrets,,64,Commander,English
1,Vedalken Plotter,,66,Commander,English
1,Vision Skeins,,67,Commander,English
1,Vow of Flight,,68,Commander,English
1,Whirlpool Whelm,,69,Commander,English
1,Breath of Darigaaz,,112,Commander,English
1,Chaos Warp,,114,Commander,English
1,Death by Dragons,,118,Commander,English
1,Flametongue Kavu,,123,Commander,English
1,Goblin Cadets,,125,Commander,English
1,Insurrection,,126,Commander,English
1,Lash Out,,127,Commander,English
1,Punishing Fire,,131,Commander,English
1,Rapacious One,,133,Commander,English
1,Vow of Lightning,,138,Commander,English
1,Wild Ricochet,,139,Commander,English
1,Azorius Guildmage,,183,Commander,English
1,Brion Stoutarm,,187,Commander,English
1,Dominus of Fealty,,194,Commander,English
1,Izzet Chronarch,,205,Commander,English
1,"Nin, the Pain Artist",,213,Commander,English
1,"Numot, the Devastator",,215,Commander,English
1,Plumeveil,,218,Commander,English
1,Ruhan of the Fomori,,221,Commander,English
1,Wall of Denial,,237,Commander,English
1,Zedruu the Greathearted,,240,Commander,English
1,Armillary Sphere,,242,Commander,English
1,Champion's Helm,,244,Commander,English
1,Darksteel Ingot,,245,Commander,English
1,Dreamstone Hedron,,247,Commander,English
1,Fellwar Stone,,248,Commander,English
1,Howling Mine,,251,Commander,English
1,Lightning Greaves,,253,Commander,English
1,Prophetic Prism,,256,Commander,English
1,Sol Ring,,261,Commander,English
1,Azorius Chancery,,265,Commander,English
1,Boros Garrison,,268,Commander,English
1,Command Tower,,269,Commander,English
1,Evolving Wilds,,272,Commander,English
1,Izzet Boilerworks,,278,Commander,English
1,Terramorphic Expanse,,291,Commander,English
2,Plains,,299,Commander,English
2,Plains,,300,Commander,English
2,Plains,,301,Commander,English
2,Plains,,302,Commander,English
3,Island,,303,Commander,English
3,Island,,304,Commander,English
3,Island,,305,Commander,English
3,Island,,306,Commander,English
2,Mountain,,311,Commander,English
2,Mountain,,312,Commander,English
2,Mountain,,313,Commander,English
2,Mountain,,314,Commander,English
