Count,Name,Foil,Card Number,Edition,Language
2,Cliffside Rescuer,,1,Commander 2019,English
1,Commander's Insignia,,2,Commander 2019,English
1,Doomed Artisan,,3,Commander 2019,English
1,Mandate of Peace,,4,Commander 2019,English
1,Sevinne's Reclamation,,5,Commander 2019,English
1,Song of the Worldsoul,,6,Commander 2019,English
1,Thalia's Geistcaller,,7,Commander 2019,English
1,Kadena's Silencer,,8,Commander 2019,English
2,Leadership Vacuum,,9,Commander 2019,English
1,Mass Diminish,,10,Commander 2019,English
1,Sudden Substitution,,11,Commander 2019,English
1,Thought Sponge,,12,Commander 2019,English
1,Wall of Stolen Identity,,13,Commander 2019,English
1,Archfiend of Spite,,14,Commander 2019,English
1,Bone Miser,,15,Commander 2019,English
1,Curse of Fool's Wisdom,,16,Commander 2019,English
1,Gift of Doom,,17,Commander 2019,English
1,"K'rrik, Son of Yawgmoth",,18,Commander 2019,English
2,Mire in Misery,,19,Commander 2019,English
1,Nightmare Unmaking,,20,Commander 2019,English
1,Thieving Amalgam,,21,Commander 2019,English
1,Anje's Ravager,,22,Commander 2019,English
1,Backdraft Hellkite,,23,Commander 2019,English
1,Dockside Extortionist,,24,Commander 2019,English
1,Ghired's Belligerence,,25,Commander 2019,English
2,Hate Mirage,,26,Commander 2019,English
1,Ignite the Future,,27,Commander 2019,English
1,Skyfire Phoenix,,28,Commander 2019,English
1,Tectonic Hellion,,29,Commander 2019,English
1,Wildfire Devils,,30,Commander 2019,English
1,Apex Altisaur,,31,Commander 2019,English
1,Full Flowering,,32,Commander 2019,English
1,Ohran Frostfang,,33,Commander 2019,English
1,Road of Return,,34,Commander 2019,English
1,Selesnya Eulogist,,35,Commander 2019,English
2,Voice of Many,,36,Commander 2019,English
1,Anje Falkenrath,foil,37,Commander 2019,English
1,"Atla Palani, Nest Tender",foil,38,Commander 2019,English
1,"Chainer, Nightmare Adept",foil,39,Commander 2019,English
1,Elsha of the Infinite,foil,40,Commander 2019,English
1,"Gerrard, Weatherlight Hero",,41,Commander 2019,English
1,"Ghired, Conclave Exile",foil,42,Commander 2019,English
1,"Greven, Predator Captain",foil,43,Commander 2019,English
1,"Grismold, the Dreadsower",,44,Commander 2019,English
1,"Kadena, Slinking Sorcerer",foil,45,Commander 2019,English
1,"Marisi, Breaker of the Coil",foil,46,Commander 2019,English
1,"Pramikon, Sky Rampart",foil,47,Commander 2019,English
1,"Rayami, First of the Fallen",foil,48,Commander 2019,English
1,"Sevinne, the Chronoclasm",foil,49,Commander 2019,English
1,"Tahngarth, First Mate",,50,Commander 2019,English
1,"Volrath, the Shapestealer",foil,51,Commander 2019,English
1,Aeon Engine,,52,Commander 2019,English
2,Bloodthirsty Blade,,53,Commander 2019,English
1,Empowered Autogenerator,,54,Commander 2019,English
1,Idol of Oblivion,,55,Commander 2019,English
1,Pendant of Prosperity,,56,Commander 2019,English
4,Scaretiller,,57,Commander 2019,English
1,Scroll of Fate,,58,Commander 2019,English
1,Sanctum of Eternity,,59,Commander 2019,English
1,Desolation Twin,,60,Commander 2019,English
1,Angel of Sanctions,,61,Commander 2019,English
1,Divine Reckoning,,62,Commander 2019,English
1,Dusk // Dawn,,63,Commander 2019,English
1,Ghostly Prison,,64,Commander 2019,English
1,Hour of Reckoning,,65,Commander 2019,English
1,Increasing Devotion,,66,Commander 2019,English
1,Intangible Virtue,,67,Commander 2019,English
1,Phyrexian Rebirth,,68,Commander 2019,English
1,Prismatic Strands,,69,Commander 2019,English
1,Pristine Angel,,70,Commander 2019,English
1,Purify the Grave,,71,Commander 2019,English
1,Ray of Distortion,,72,Commander 2019,English
1,Roc Egg,,73,Commander 2019,English
1,Rootborn Defenses,,74,Commander 2019,English
1,Storm Herd,,75,Commander 2019,English
1,Sun Titan,,76,Commander 2019,English
1,Trostani's Judgment,,77,Commander 2019,English
1,Wingmate Roc,,78,Commander 2019,English
1,"Zetalpa, Primal Dawn",,79,Commander 2019,English
1,Chemister's Insight,,80,Commander 2019,English
1,Chromeshell Crab,,81,Commander 2019,English
1,Clever Impersonator,,82,Commander 2019,English
1,Deep Analysis,,83,Commander 2019,English
1,Echoing Truth,,84,Commander 2019,English
1,Fact or Fiction,,85,Commander 2019,English
1,Fervent Denial,,86,Commander 2019,English
1,Ixidron,,87,Commander 2019,English
1,Jace's Sanctum,,88,Commander 2019,English
1,Kheru Spellsnatcher,,89,Commander 2019,English
1,Mystic Retrieval,,90,Commander 2019,English
1,Oona's Grace,,91,Commander 2019,English
1,Reality Shift,,92,Commander 2019,English
1,River Kelpie,,93,Commander 2019,English
1,Runic Repetition,,94,Commander 2019,English
1,Secrets of the Dead,,95,Commander 2019,English
1,Stratus Dancer,,96,Commander 2019,English
1,"Talrand, Sky Summoner",,97,Commander 2019,English
1,Tezzeret's Gambit,,98,Commander 2019,English
1,Think Twice,,99,Commander 2019,English
1,Thousand Winds,,100,Commander 2019,English
1,Vesuvan Shapeshifter,,101,Commander 2019,English
1,Willbender,,102,Commander 2019,English
1,Asylum Visitor,,103,Commander 2019,English
1,Bane of the Living,,104,Commander 2019,English
1,Beacon of Unrest,,105,Commander 2019,English
1,Big Game Hunter,,106,Commander 2019,English
1,Boneyard Parley,,107,Commander 2019,English
1,Call to the Netherworld,,108,Commander 2019,English
1,Champion of Stray Souls,,109,Commander 2019,English
1,Dark Withering,,110,Commander 2019,English
1,Doomed Necromancer,,111,Commander 2019,English
1,Faith of the Devoted,,112,Commander 2019,English
1,From Under the Floorboards,,113,Commander 2019,English
1,"Geth, Lord of the Vault",,114,Commander 2019,English
1,Ghastly Conscription,,115,Commander 2019,English
1,Gorgon Recluse,,116,Commander 2019,English
1,Grave Scrabbler,,117,Commander 2019,English
1,Grim Haruspex,,118,Commander 2019,English
1,Hedonist's Trove,,119,Commander 2019,English
1,Hex,,120,Commander 2019,English
1,In Garruk's Wake,,121,Commander 2019,English
1,Murderous Compulsion,,122,Commander 2019,English
1,Nightshade Assassin,,123,Commander 2019,English
1,Ob Nixilis Reignited,,124,Commander 2019,English
1,Overseer of the Damned,,125,Commander 2019,English
1,Plaguecrafter,,126,Commander 2019,English
1,Sanitarium Skeleton,,127,Commander 2019,English
1,Silumgar Assassin,,128,Commander 2019,English
1,Skinthinner,,129,Commander 2019,English
1,Soul of Innistrad,,130,Commander 2019,English
1,The Eldest Reborn,,131,Commander 2019,English
1,Zombie Infestation,,132,Commander 2019,English
1,Alchemist's Greeting,,133,Commander 2019,English
1,Avacyn's Judgment,,134,Commander 2019,English
1,Burning Vengeance,,135,Commander 2019,English
1,Chaos Warp,,136,Commander 2019,English
1,Desperate Ravings,,137,Commander 2019,English
1,Devil's Play,,138,Commander 2019,English
1,Dragonmaster Outcast,,139,Commander 2019,English
1,Faithless Looting,,140,Commander 2019,English
1,Feldon of the Third Path,,141,Commander 2019,English
1,Fiery Temper,,142,Commander 2019,English
1,Flamerush Rider,,143,Commander 2019,English
1,Flayer of the Hatebound,,144,Commander 2019,English
1,Guttersnipe,,145,Commander 2019,English
1,Heart-Piercer Manticore,,146,Commander 2019,English
1,Increasing Vengeance,,147,Commander 2019,English
1,Magmaquake,,148,Commander 2019,English
1,Magus of the Wheel,,149,Commander 2019,English
1,Malevolent Whispers,,150,Commander 2019,English
1,Rolling Temblor,,151,Commander 2019,English
1,"Squee, Goblin Nabob",,152,Commander 2019,English
1,Stromkirk Occultist,,153,Commander 2019,English
1,Violent Eruption,,154,Commander 2019,English
1,Warstorm Surge,,155,Commander 2019,English
1,Ainok Survivalist,,156,Commander 2019,English
1,Beast Within,,157,Commander 2019,English
1,Colossal Majesty,,158,Commander 2019,English
2,Cultivate,,159,Commander 2019,English
1,Deathmist Raptor,,160,Commander 2019,English
1,Den Protector,,161,Commander 2019,English
1,Druid's Deliverance,,162,Commander 2019,English
1,Elemental Bond,,163,Commander 2019,English
2,Explore,,164,Commander 2019,English
2,Farseek,,165,Commander 2019,English
1,Fresh Meat,,166,Commander 2019,English
1,"Garruk, Primal Hunter",,167,Commander 2019,English
1,Garruk's Packleader,,168,Commander 2019,English
1,Giant Adephage,,169,Commander 2019,English
1,Great Oak Guardian,,170,Commander 2019,English
1,Harmonize,,171,Commander 2019,English
1,Hooded Hydra,,172,Commander 2019,English
1,Momentous Fall,,173,Commander 2019,English
1,Nantuko Vigilante,,174,Commander 2019,English
1,Overwhelming Stampede,,175,Commander 2019,English
1,Rampaging Baloths,,176,Commander 2019,English
2,Sakura-Tribe Elder,,177,Commander 2019,English
1,Second Harvest,,178,Commander 2019,English
1,Seedborn Muse,,179,Commander 2019,English
1,Shamanic Revelation,,180,Commander 2019,English
1,Slice in Twain,,181,Commander 2019,English
1,Soul of Zendikar,,182,Commander 2019,English
1,Tempt with Discovery,,183,Commander 2019,English
1,Thelonite Hermit,,184,Commander 2019,English
1,Thragtusk,,185,Commander 2019,English
1,Trail of Mystery,,186,Commander 2019,English
1,Biomass Mutation,,187,Commander 2019,English
1,Bloodhall Priest,,188,Commander 2019,English
1,Bounty of the Luxa,,189,Commander 2019,English
1,Crackling Drake,,190,Commander 2019,English
1,Emmara Tandris,,191,Commander 2019,English
1,Farm // Market,,192,Commander 2019,English
1,Growing Ranks,,193,Commander 2019,English
1,Icefeather Aven,,194,Commander 2019,English
1,Naya Charm,,195,Commander 2019,English
1,Pristine Skywise,,196,Commander 2019,English
1,Putrefy,,197,Commander 2019,English
1,Ral Zarek,,198,Commander 2019,English
1,Refuse // Cooperate,,199,Commander 2019,English
1,Sagu Mauler,,200,Commander 2019,English
1,Secret Plans,,201,Commander 2019,English
1,Sultai Charm,,202,Commander 2019,English
1,Sundering Growth,,203,Commander 2019,English
1,"Trostani, Selesnya's Voice",,204,Commander 2019,English
1,Urban Evolution,,205,Commander 2019,English
1,Vitu-Ghazi Guildmage,,206,Commander 2019,English
1,Vraska the Unseen,,207,Commander 2019,English
1,Wayfaring Temple,,208,Commander 2019,English
2,Armillary Sphere,,209,Commander 2019,English
1,Azorius Locket,,210,Commander 2019,English
1,Burnished Hart,,211,Commander 2019,English
1,Commander's Sphere,,212,Commander 2019,English
1,Grimoire of the Dead,,213,Commander 2019,English
1,Hedron Archive,,214,Commander 2019,English
1,Izzet Locket,,215,Commander 2019,English
1,Key to the City,,216,Commander 2019,English
1,Lightning Greaves,,217,Commander 2019,English
1,Meteor Golem,,218,Commander 2019,English
1,Mimic Vat,,219,Commander 2019,English
1,Rakdos Locket,,220,Commander 2019,English
4,Sol Ring,,221,Commander 2019,English
1,Solemn Simulacrum,,222,Commander 2019,English
1,Soul Foundry,,223,Commander 2019,English
1,Strionic Resonator,,224,Commander 2019,English
1,Thran Dynamo,,225,Commander 2019,English
1,Akoum Refuge,,226,Commander 2019,English
4,Ash Barrens,,227,Commander 2019,English
1,Azorius Chancery,,228,Commander 2019,English
1,Barren Moor,,229,Commander 2019,English
1,Bloodfell Caves,,230,Commander 2019,English
1,Blossoming Sands,,231,Commander 2019,English
1,Bojuka Bog,,232,Commander 2019,English
2,Boros Garrison,,233,Commander 2019,English
1,Boros Guildgate,,234,Commander 2019,English
1,Cinder Barrens,,235,Commander 2019,English
1,Cinder Glade,,236,Commander 2019,English
4,Command Tower,,237,Commander 2019,English
1,Darkwater Catacombs,,238,Commander 2019,English
1,Dimir Aqueduct,,239,Commander 2019,English
1,Drownyard Temple,,240,Commander 2019,English
4,Evolving Wilds,,241,Commander 2019,English
4,Exotic Orchard,,242,Commander 2019,English
1,Forgotten Cave,,243,Commander 2019,English
1,Foul Orchard,,244,Commander 2019,English
1,Gargoyle Castle,,245,Commander 2019,English
1,Geier Reach Sanitarium,,246,Commander 2019,English
1,Golgari Guildgate,,247,Commander 2019,English
1,Golgari Rot Farm,,248,Commander 2019,English
1,Graypelt Refuge,,249,Commander 2019,English
1,Gruul Turf,,250,Commander 2019,English
1,Highland Lake,,251,Commander 2019,English
1,Izzet Boilerworks,,252,Commander 2019,English
1,Izzet Guildgate,,253,Commander 2019,English
1,Jungle Hollow,,254,Commander 2019,English
1,Jungle Shrine,,255,Commander 2019,English
1,Kazandu Refuge,,256,Commander 2019,English
1,Krosan Verge,,257,Commander 2019,English
1,Llanowar Wastes,,258,Commander 2019,English
1,Memorial to Folly,,259,Commander 2019,English
1,Mortuary Mire,,260,Commander 2019,English
4,Myriad Landscape,,261,Commander 2019,English
1,Mystic Monastery,,262,Commander 2019,English
1,Naya Panorama,,263,Commander 2019,English
1,Opulent Palace,,264,Commander 2019,English
1,Prairie Stream,,265,Commander 2019,English
1,Rakdos Carnarium,,266,Commander 2019,English
1,Rakdos Guildgate,,267,Commander 2019,English
1,Reliquary Tower,,268,Commander 2019,English
1,"Rix Maadi, Dungeon Palace",,269,Commander 2019,English
1,Rogue's Passage,,270,Commander 2019,English
1,Rugged Highlands,,271,Commander 2019,English
1,Selesnya Sanctuary,,272,Commander 2019,English
1,Shrine of the Forsaken Gods,,273,Commander 2019,English
1,Simic Growth Chamber,,274,Commander 2019,English
1,Simic Guildgate,,275,Commander 2019,English
1,Stone Quarry,,276,Commander 2019,English
1,Sungrass Prairie,,277,Commander 2019,English
1,Sunken Hollow,,278,Commander 2019,English
1,Swiftwater Cliffs,,279,Commander 2019,English
3,Temple of the False God,,280,Commander 2019,English
4,Terramorphic Expanse,,281,Commander 2019,English
1,Thespian's Stage,,282,Commander 2019,English
1,Thornwood Falls,,283,Commander 2019,English
1,Tranquil Cove,,284,Commander 2019,English
1,Wind-Scarred Crag,,285,Commander 2019,English
1,Woodland Stream,,286,Commander 2019,English
1,Yavimaya Coast,,287,Commander 2019,English
9,Plains,,288,Commander 2019,English
4,Plains,,289,Commander 2019,English
3,Plains,,290,Commander 2019,English
7,Island,,291,Commander 2019,English
2,Island,,292,Commander 2019,English
4,Island,,293,Commander 2019,English
7,Swamp,,294,Commander 2019,English
5,Swamp,,295,Commander 2019,English
1,Swamp,,296,Commander 2019,English
11,Mountain,,297,Commander 2019,English
5,Mountain,,298,Commander 2019,English
2,Mountain,,299,Commander 2019,English
8,Forest,,300,Commander 2019,English
3,Forest,,301,Commander 2019,English
4,Forest,,302,Commander 2019,English
1,Anje Falkenrath,foil,37,Oversized: Commander 2019,English
1,"Ghired, Conclave Exile",foil,42,Oversized: Commander 2019,English
1,"Kadena, Slinking Sorcerer",foil,45,Oversized: Commander 2019,English
1,"Sevinne, the Chronoclasm",foil,49,Oversized: Commander 2019,English
1,Bird // Sculpture,,30,Extras: Commander 2019,English
1,Bird // Sculpture,,31,Extras: Commander 2019,English
2,Pegasus // Human,,32,Extras: Commander 2019,English
2,Spirit // Human,,33,Extras: Commander 2019,English
1,Angel of Sanctions // Horror,,34,Extras: Commander 2019,English
1,Heart-Piercer Manticore // Dragon,,35,Extras: Commander 2019,English
3,Drake // Human,,36,Extras: Commander 2019,English
3,Assassin // Morph,,37,Extras: Commander 2019,English
9,Zombie // Zombie,,38,Extras: Commander 2019,English
1,Beast // Wurm,,39,Extras: Commander 2019,English
1,Beast // Wurm,,40,Extras: Commander 2019,English
1,Centaur // Egg,,41,Extras: Commander 2019,English
2,Plant // Snake,,42,Extras: Commander 2019,English
1,Plant // Morph,,43,Extras: Commander 2019,English
1,Rhino // Egg,,44,Extras: Commander 2019,English
1,Saproling // Morph,,45,Extras: Commander 2019,English
3,Saproling // Manifest,,46,Extras: Commander 2019,English
1,Gargoyle // Egg,,47,Extras: Commander 2019,English
3,Treasure // Human,,48,Extras: Commander 2019,English
1,Eldrazi // Egg,,49,Extras: Commander 2019,English
1,Emblem: Ob Nixilis Reignited // Zombie,,50,Extras: Commander 2019,English
