Count,Name,Foil,Card Number,Edition,Language
1,The Mimeoplasm,foil,1,Commander Anthology Volume II,English
1,"Damia, Sage of Stone",foil,2,Commander Anthology Volume II,English
1,"Vorosh, the Hunter",foil,3,Commander Anthology Volume II,English
1,Artisan of Kozilek,,14,Commander Anthology Volume II,English
1,Dreamborn Muse,,41,Commander Anthology Volume II,English
1,Fact or Fiction,,42,Commander Anthology Volume II,English
1,Memory Erosion,,45,Commander Anthology Volume II,English
1,Minds Aglow,,46,Commander Anthology Volume II,English
1,Mulldrifter,,47,Commander Anthology Volume II,English
1,Riddlekeeper,,48,Commander Anthology Volume II,English
1,Slipstream Eel,,49,Commander Anthology Volume II,English
1,Spell Crumple,,50,Commander Anthology Volume II,English
1,Vow of Flight,,54,Commander Anthology Volume II,English
1,Windfall,,55,Commander Anthology Volume II,English
1,Wonder,,56,Commander Anthology Volume II,English
1,Avatar of Woe,,57,Commander Anthology Volume II,English
1,Buried Alive,,59,Commander Anthology Volume II,English
1,Butcher of Malakir,,60,Commander Anthology Volume II,English
1,Dark Hatchling,,61,Commander Anthology Volume II,English
1,Extractor Demon,,62,Commander Anthology Volume II,English
1,Fleshbag Marauder,,64,Commander Anthology Volume II,English
1,Grave Pact,,65,Commander Anthology Volume II,English
1,Gravedigger,,66,Commander Anthology Volume II,English
1,Living Death,,68,Commander Anthology Volume II,English
1,Mortivore,,69,Commander Anthology Volume II,English
1,Nezumi Graverobber,,71,Commander Anthology Volume II,English
1,Patron of the Nezumi,,72,Commander Anthology Volume II,English
1,Rise from the Grave,,73,Commander Anthology Volume II,English
1,Scythe Specter,,74,Commander Anthology Volume II,English
1,Sewer Nemesis,,75,Commander Anthology Volume II,English
1,Shared Trauma,,76,Commander Anthology Volume II,English
1,Sign in Blood,,77,Commander Anthology Volume II,English
1,Stitch Together,,78,Commander Anthology Volume II,English
1,Syphon Flesh,,79,Commander Anthology Volume II,English
1,Syphon Mind,,80,Commander Anthology Volume II,English
1,Unnerve,,81,Commander Anthology Volume II,English
1,Vow of Malice,,82,Commander Anthology Volume II,English
1,Acidic Slime,,132,Commander Anthology Volume II,English
1,Brawn,,133,Commander Anthology Volume II,English
1,Cultivate,,135,Commander Anthology Volume II,English
1,Eternal Witness,,136,Commander Anthology Volume II,English
1,Lhurgoyf,,141,Commander Anthology Volume II,English
1,Relic Crush,,142,Commander Anthology Volume II,English
1,Tribute to the Wild,,145,Commander Anthology Volume II,English
1,Troll Ascetic,,146,Commander Anthology Volume II,English
1,Vow of Wildness,,148,Commander Anthology Volume II,English
1,Yavimaya Elder,,149,Commander Anthology Volume II,English
1,Desecrator Hag,,153,Commander Anthology Volume II,English
1,"Skullbriar, the Walking Grave",,165,Commander Anthology Volume II,English
1,"Szadek, Lord of Secrets",,168,Commander Anthology Volume II,English
1,Vulturous Zombie,,170,Commander Anthology Volume II,English
1,"Wrexial, the Risen Deep",,171,Commander Anthology Volume II,English
1,Dimir Signet,,185,Commander Anthology Volume II,English
1,Golgari Signet,,191,Commander Anthology Volume II,English
1,Lightning Greaves,,196,Commander Anthology Volume II,English
1,Oblivion Stone,,205,Commander Anthology Volume II,English
1,Simic Signet,,216,Commander Anthology Volume II,English
1,Sol Ring,,217,Commander Anthology Volume II,English
1,Solemn Simulacrum,,218,Commander Anthology Volume II,English
1,Triskelavus,,226,Commander Anthology Volume II,English
1,Barren Moor,,237,Commander Anthology Volume II,English
1,Command Tower,,242,Commander Anthology Volume II,English
1,Dimir Aqueduct,,245,Commander Anthology Volume II,English
1,Dreadship Reef,,247,Commander Anthology Volume II,English
1,Golgari Rot Farm,,254,Commander Anthology Volume II,English
1,Jwar Isle Refuge,,256,Commander Anthology Volume II,English
1,Lonely Sandbar,,257,Commander Anthology Volume II,English
1,Rupture Spire,,263,Commander Anthology Volume II,English
1,Simic Growth Chamber,,267,Commander Anthology Volume II,English
1,"Svogthos, the Restless Tomb",,270,Commander Anthology Volume II,English
1,Temple of the False God,,272,Commander Anthology Volume II,English
1,Terramorphic Expanse,,273,Commander Anthology Volume II,English
1,Tranquil Thicket,,274,Commander Anthology Volume II,English
2,Island,,286,Commander Anthology Volume II,English
2,Island,,287,Commander Anthology Volume II,English
2,Island,,288,Commander Anthology Volume II,English
2,Island,,292,Commander Anthology Volume II,English
3,Swamp,,293,Commander Anthology Volume II,English
3,Swamp,,295,Commander Anthology Volume II,English
3,Swamp,,296,Commander Anthology Volume II,English
2,Swamp,,299,Commander Anthology Volume II,English
2,Forest,,306,Commander Anthology Volume II,English
2,Forest,,307,Commander Anthology Volume II,English
2,Forest,,308,Commander Anthology Volume II,English
2,Forest,,312,Commander Anthology Volume II,English
3,Shapeshifter,,1,Extras: Commander Anthology Volume II,English
4,Bird,,2,Extras: Commander Anthology Volume II,English
4,Goat,,3,Extras: Commander Anthology Volume II,English
6,Knight,,4,Extras: Commander Anthology Volume II,English
3,Spirit,,5,Extras: Commander Anthology Volume II,English
