Count,Name,Foil,Card Number,Edition,Language
1,Meren of Clan Nel Toth,foil,49,Oversized: Commander 2015,English
1,Banshee of the Dread Choir,,16,Commander 2015,English
1,Corpse Augur,,17,Commander 2015,English
1,Dread Summons,,20,Commander 2015,English
1,Scourge of Nel Toth,,21,Commander 2015,English
1,Thief of Blood,,22,Commander 2015,English
1,Wretched Confluence,,23,Commander 2015,English
1,Bloodspore Thrinax,,33,Commander 2015,English
1,Caller of the Pack,,34,Commander 2015,English
1,Centaur Vinecrasher,,35,Commander 2015,English
1,Great Oak Guardian,,37,Commander 2015,English
1,Pathbreaker Ibex,,38,Commander 2015,English
1,Skullwinder,,39,Commander 2015,English
1,"Mazirek, Kraul Death Priest",,48,Commander 2015,English
1,Meren of Clan Nel Toth,,49,Commander 2015,English
1,Thought Vessel,,55,Commander 2015,English
1,Altar's Reap,,112,Commander 2015,English
1,Ambition's Cost,,113,Commander 2015,English
1,Barter in Blood,,115,Commander 2015,English
1,Blood Bairn,,117,Commander 2015,English
1,Butcher of Malakir,,118,Commander 2015,English
1,Champion of Stray Souls,,119,Commander 2015,English
1,Diabolic Servitude,,120,Commander 2015,English
1,Eater of Hope,,123,Commander 2015,English
1,Extractor Demon,,124,Commander 2015,English
1,Phyrexian Plaguelord,,131,Commander 2015,English
1,Phyrexian Rager,,132,Commander 2015,English
1,Rise from the Grave,,134,Commander 2015,English
1,Sever the Bloodline,,136,Commander 2015,English
1,Shriekmaw,,137,Commander 2015,English
1,Victimize,,139,Commander 2015,English
1,Acidic Slime,,173,Commander 2015,English
1,Cloudthresher,,179,Commander 2015,English
1,Eternal Witness,,183,Commander 2015,English
1,Indrik Stomphowler,,186,Commander 2015,English
1,Kessig Cagebreakers,,187,Commander 2015,English
1,Mulch,,191,Commander 2015,English
1,Mycoloth,,192,Commander 2015,English
1,Overwhelming Stampede,,196,Commander 2015,English
1,Primal Growth,,198,Commander 2015,English
1,Sakura-Tribe Elder,,200,Commander 2015,English
1,Satyr Wayfinder,,201,Commander 2015,English
1,Spider Spawning,,202,Commander 2015,English
1,Terastodon,,204,Commander 2015,English
1,Tribute to the Wild,,206,Commander 2015,English
1,Verdant Force,,207,Commander 2015,English
1,Viridian Emissary,,208,Commander 2015,English
1,Viridian Zealot,,210,Commander 2015,English
1,Wall of Blossoms,,211,Commander 2015,English
1,Wood Elves,,212,Commander 2015,English
1,Golgari Charm,,221,Commander 2015,English
1,Grisly Salvage,,222,Commander 2015,English
1,"Jarad, Golgari Lich Lord",,223,Commander 2015,English
1,Korozda Guildmage,,224,Commander 2015,English
1,Lotleth Troll,,226,Commander 2015,English
1,Putrefy,,232,Commander 2015,English
1,Vulturous Zombie,,238,Commander 2015,English
1,Bonehoard,,245,Commander 2015,English
1,Eldrazi Monument,,253,Commander 2015,English
1,Golgari Signet,,255,Commander 2015,English
1,Lightning Greaves,,257,Commander 2015,English
1,Skullclamp,,267,Commander 2015,English
1,Sol Ring,,268,Commander 2015,English
1,Command Tower,,281,Commander 2015,English
1,Evolving Wilds,,283,Commander 2015,English
1,Golgari Guildgate,,286,Commander 2015,English
1,Golgari Rot Farm,,287,Commander 2015,English
1,Grim Backwoods,,288,Commander 2015,English
1,High Market,,289,Commander 2015,English
1,Jungle Hollow,,292,Commander 2015,English
1,Polluted Mire,,300,Commander 2015,English
1,Slippery Karst,,307,Commander 2015,English
1,Tainted Wood,,312,Commander 2015,English
1,Terramorphic Expanse,,314,Commander 2015,English
1,Vivid Grove,,318,Commander 2015,English
1,Vivid Marsh,,319,Commander 2015,English
3,Swamp,,331,Commander 2015,English
4,Swamp,,332,Commander 2015,English
3,Swamp,,333,Commander 2015,English
3,Swamp,,334,Commander 2015,English
3,Forest,,339,Commander 2015,English
3,Forest,,340,Commander 2015,English
3,Forest,,341,Commander 2015,English
3,Forest,,342,Commander 2015,English
1,Experience,,25,Extras: Commander 2015,English
1,Germ // Zombie,,32,Extras: Commander 2015,English
1,Zombie // Wolf,,34,Extras: Commander 2015,English
1,Zombie // Elephant,,37,Extras: Commander 2015,English
2,Elephant // Saproling,,38,Extras: Commander 2015,English
2,Saproling // Spider,,44,Extras: Commander 2015,English
2,Spider // Wolf,,45,Extras: Commander 2015,English
