Count,Name,Foil,Card Number,Edition,Language
1,The Mimeoplasm,foil,1,Commander Anthology Volume II,English
1,"Damia, Sage of Stone",foil,2,Commander Anthology Volume II,English
1,"Vorosh, the Hunter",foil,3,Commander Anthology Volume II,English
1,"Daretti, Scrap Savant",foil,4,Commander Anthology Volume II,English
1,"Bosh, Iron Golem",foil,5,Commander Anthology Volume II,English
1,Feldon of the Third Path,foil,6,Commander Anthology Volume II,English
1,"Kalemne, Disciple of Iroas",foil,7,Commander Anthology Volume II,English
1,"Anya, Merciless Angel",foil,8,Commander Anthology Volume II,English
1,"Gisela, Blade of Goldnight",foil,9,Commander Anthology Volume II,English
1,"Atraxa, Praetors' Voice",foil,10,Commander Anthology Volume II,English
1,"Ikra Shidiqi, the Usurper",foil,11,Commander Anthology Volume II,English
1,"Ishai, Ojutai Dragonspeaker",foil,12,Commander Anthology Volume II,English
1,"Reyhan, Last of the Abzan",foil,13,Commander Anthology Volume II,English
1,Artisan of Kozilek,,14,Commander Anthology Volume II,English
1,Abzan Falconer,,15,Commander Anthology Volume II,English
1,Angel of Serenity,,16,Commander Anthology Volume II,English
1,Arbiter of Knollridge,,17,Commander Anthology Volume II,English
1,Banishing Light,,18,Commander Anthology Volume II,English
1,Brave the Sands,,19,Commander Anthology Volume II,English
1,Cathars' Crusade,,20,Commander Anthology Volume II,English
1,Citadel Siege,,21,Commander Anthology Volume II,English
1,Crib Swap,,22,Commander Anthology Volume II,English
1,Custodi Soulbinders,,23,Commander Anthology Volume II,English
1,Dawnbreak Reclaimer,,24,Commander Anthology Volume II,English
1,Dawnglare Invoker,,25,Commander Anthology Volume II,English
1,Duelist's Heritage,,26,Commander Anthology Volume II,English
1,Elite Scaleguard,,27,Commander Anthology Volume II,English
1,Faith's Fetters,,28,Commander Anthology Volume II,English
1,Herald of the Host,,29,Commander Anthology Volume II,English
1,"Jareth, Leonine Titan",,30,Commander Anthology Volume II,English
1,Kalemne's Captain,,31,Commander Anthology Volume II,English
1,Oreskos Explorer,,32,Commander Anthology Volume II,English
1,Orim's Thunder,,33,Commander Anthology Volume II,English
1,Orzhov Advokist,,34,Commander Anthology Volume II,English
1,Reveillark,,35,Commander Anthology Volume II,English
1,Sublime Exhalation,,36,Commander Anthology Volume II,English
1,Sun Titan,,37,Commander Anthology Volume II,English
1,Victory's Herald,,38,Commander Anthology Volume II,English
1,Deepglow Skate,,39,Commander Anthology Volume II,English
1,Disdainful Stroke,,40,Commander Anthology Volume II,English
1,Dreamborn Muse,,41,Commander Anthology Volume II,English
1,Fact or Fiction,,42,Commander Anthology Volume II,English
1,Grip of Phyresis,,43,Commander Anthology Volume II,English
1,Manifold Insights,,44,Commander Anthology Volume II,English
1,Memory Erosion,,45,Commander Anthology Volume II,English
1,Minds Aglow,,46,Commander Anthology Volume II,English
1,Mulldrifter,,47,Commander Anthology Volume II,English
1,Riddlekeeper,,48,Commander Anthology Volume II,English
1,Slipstream Eel,,49,Commander Anthology Volume II,English
1,Spell Crumple,,50,Commander Anthology Volume II,English
1,Tezzeret's Gambit,,51,Commander Anthology Volume II,English
1,Thrummingbird,,52,Commander Anthology Volume II,English
1,Treasure Cruise,,53,Commander Anthology Volume II,English
1,Vow of Flight,,54,Commander Anthology Volume II,English
1,Windfall,,55,Commander Anthology Volume II,English
1,Wonder,,56,Commander Anthology Volume II,English
1,Avatar of Woe,,57,Commander Anthology Volume II,English
1,Bane of the Living,,58,Commander Anthology Volume II,English
1,Buried Alive,,59,Commander Anthology Volume II,English
1,Butcher of Malakir,,60,Commander Anthology Volume II,English
1,Dark Hatchling,,61,Commander Anthology Volume II,English
1,Extractor Demon,,62,Commander Anthology Volume II,English
1,Festercreep,,63,Commander Anthology Volume II,English
1,Fleshbag Marauder,,64,Commander Anthology Volume II,English
1,Grave Pact,,65,Commander Anthology Volume II,English
1,Gravedigger,,66,Commander Anthology Volume II,English
1,Languish,,67,Commander Anthology Volume II,English
1,Living Death,,68,Commander Anthology Volume II,English
1,Mortivore,,69,Commander Anthology Volume II,English
1,Necroplasm,,70,Commander Anthology Volume II,English
1,Nezumi Graverobber,,71,Commander Anthology Volume II,English
1,Patron of the Nezumi,,72,Commander Anthology Volume II,English
1,Rise from the Grave,,73,Commander Anthology Volume II,English
1,Scythe Specter,,74,Commander Anthology Volume II,English
1,Sewer Nemesis,,75,Commander Anthology Volume II,English
1,Shared Trauma,,76,Commander Anthology Volume II,English
1,Sign in Blood,,77,Commander Anthology Volume II,English
1,Stitch Together,,78,Commander Anthology Volume II,English
1,Syphon Flesh,,79,Commander Anthology Volume II,English
1,Syphon Mind,,80,Commander Anthology Volume II,English
1,Unnerve,,81,Commander Anthology Volume II,English
1,Vow of Malice,,82,Commander Anthology Volume II,English
1,Beetleback Chief,,83,Commander Anthology Volume II,English
1,Bitter Feud,,84,Commander Anthology Volume II,English
1,Blasphemous Act,,85,Commander Anthology Volume II,English
1,Bogardan Hellkite,,86,Commander Anthology Volume II,English
1,Borderland Behemoth,,87,Commander Anthology Volume II,English
1,Breath of Darigaaz,,88,Commander Anthology Volume II,English
1,Chaos Warp,,89,Commander Anthology Volume II,English
1,Curse of the Nightly Hunt,,90,Commander Anthology Volume II,English
1,Desolation Giant,,91,Commander Anthology Volume II,English
1,Disaster Radius,,92,Commander Anthology Volume II,English
1,Dream Pillager,,93,Commander Anthology Volume II,English
1,Dualcaster Mage,,94,Commander Anthology Volume II,English
1,Earthquake,,95,Commander Anthology Volume II,English
1,Faithless Looting,,96,Commander Anthology Volume II,English
1,Fall of the Hammer,,97,Commander Anthology Volume II,English
1,Fiery Confluence,,98,Commander Anthology Volume II,English
1,Flametongue Kavu,,99,Commander Anthology Volume II,English
1,Fumiko the Lowblood,,100,Commander Anthology Volume II,English
1,Goblin Welder,,101,Commander Anthology Volume II,English
1,Hamletback Goliath,,102,Commander Anthology Volume II,English
1,Hammerfist Giant,,103,Commander Anthology Volume II,English
1,Hoard-Smelter Dragon,,104,Commander Anthology Volume II,English
1,Hostility,,105,Commander Anthology Volume II,English
1,Hunted Dragon,,106,Commander Anthology Volume II,English
1,Impact Resonance,,107,Commander Anthology Volume II,English
1,Incite Rebellion,,108,Commander Anthology Volume II,English
1,Inferno Titan,,109,Commander Anthology Volume II,English
1,Ingot Chewer,,110,Commander Anthology Volume II,English
1,Magma Giant,,111,Commander Anthology Volume II,English
1,Magmaquake,,112,Commander Anthology Volume II,English
1,Magus of the Wheel,,113,Commander Anthology Volume II,English
1,Meteor Blast,,114,Commander Anthology Volume II,English
1,Rite of the Raging Storm,,115,Commander Anthology Volume II,English
1,Scrap Mastery,,116,Commander Anthology Volume II,English
1,Spitebellows,,117,Commander Anthology Volume II,English
1,Starstorm,,118,Commander Anthology Volume II,English
1,Stinkdrinker Daredevil,,119,Commander Anthology Volume II,English
1,Stoneshock Giant,,120,Commander Anthology Volume II,English
1,Sunrise Sovereign,,121,Commander Anthology Volume II,English
1,Taurean Mauler,,122,Commander Anthology Volume II,English
1,Thundercloud Shaman,,123,Commander Anthology Volume II,English
1,Tuktuk the Explorer,,124,Commander Anthology Volume II,English
1,Tyrant's Familiar,,125,Commander Anthology Volume II,English
1,Volcanic Offering,,126,Commander Anthology Volume II,English
1,Warchief Giant,,127,Commander Anthology Volume II,English
1,Warmonger Hellkite,,128,Commander Anthology Volume II,English
1,Warstorm Surge,,129,Commander Anthology Volume II,English
1,Whipflare,,130,Commander Anthology Volume II,English
1,Word of Seizing,,131,Commander Anthology Volume II,English
1,Acidic Slime,,132,Commander Anthology Volume II,English
1,Brawn,,133,Commander Anthology Volume II,English
1,Champion of Lambholt,,134,Commander Anthology Volume II,English
1,Cultivate,,135,Commander Anthology Volume II,English
1,Eternal Witness,,136,Commander Anthology Volume II,English
1,Forgotten Ancient,,137,Commander Anthology Volume II,English
1,Hardened Scales,,138,Commander Anthology Volume II,English
1,Inspiring Call,,139,Commander Anthology Volume II,English
1,Kalonian Hydra,,140,Commander Anthology Volume II,English
1,Lhurgoyf,,141,Commander Anthology Volume II,English
1,Relic Crush,,142,Commander Anthology Volume II,English
1,Scavenging Ooze,,143,Commander Anthology Volume II,English
1,Solidarity of Heroes,,144,Commander Anthology Volume II,English
1,Tribute to the Wild,,145,Commander Anthology Volume II,English
1,Troll Ascetic,,146,Commander Anthology Volume II,English
1,Tuskguard Captain,,147,Commander Anthology Volume II,English
1,Vow of Wildness,,148,Commander Anthology Volume II,English
1,Yavimaya Elder,,149,Commander Anthology Volume II,English
1,Ancient Excavation,,150,Commander Anthology Volume II,English
1,Bred for the Hunt,,151,Commander Anthology Volume II,English
1,Corpsejack Menace,,152,Commander Anthology Volume II,English
1,Desecrator Hag,,153,Commander Anthology Volume II,English
1,Duneblast,,154,Commander Anthology Volume II,English
1,Enduring Scalelord,,155,Commander Anthology Volume II,English
1,Fathom Mage,,156,Commander Anthology Volume II,English
1,"Ghave, Guru of Spores",,157,Commander Anthology Volume II,English
1,Juniper Order Ranger,,158,Commander Anthology Volume II,English
1,Master Biomancer,,159,Commander Anthology Volume II,English
1,Merciless Eviction,,160,Commander Anthology Volume II,English
1,Migratory Route,,161,Commander Anthology Volume II,English
1,Mirrorweave,,162,Commander Anthology Volume II,English
1,Mortify,,163,Commander Anthology Volume II,English
1,Putrefy,,164,Commander Anthology Volume II,English
1,"Skullbriar, the Walking Grave",,165,Commander Anthology Volume II,English
1,Spitting Image,,166,Commander Anthology Volume II,English
1,Sylvan Reclamation,,167,Commander Anthology Volume II,English
1,"Szadek, Lord of Secrets",,168,Commander Anthology Volume II,English
1,Vorel of the Hull Clade,,169,Commander Anthology Volume II,English
2,Vulturous Zombie,,170,Commander Anthology Volume II,English
1,"Wrexial, the Risen Deep",,171,Commander Anthology Volume II,English
1,Astral Cornucopia,,172,Commander Anthology Volume II,English
1,Basalt Monolith,,173,Commander Anthology Volume II,English
1,Blade of Selves,,174,Commander Anthology Volume II,English
1,Boros Cluestone,,175,Commander Anthology Volume II,English
1,Boros Signet,,176,Commander Anthology Volume II,English
1,Bottle Gnomes,,177,Commander Anthology Volume II,English
1,Caged Sun,,178,Commander Anthology Volume II,English
1,Cathodion,,179,Commander Anthology Volume II,English
1,Cauldron of Souls,,180,Commander Anthology Volume II,English
1,Coldsteel Heart,,181,Commander Anthology Volume II,English
2,Commander's Sphere,,182,Commander Anthology Volume II,English
1,Crystalline Crawler,,183,Commander Anthology Volume II,English
2,Darksteel Ingot,,184,Commander Anthology Volume II,English
1,Dimir Signet,,185,Commander Anthology Volume II,English
2,Dreamstone Hedron,,186,Commander Anthology Volume II,English
1,Epochrasite,,187,Commander Anthology Volume II,English
1,Everflowing Chalice,,188,Commander Anthology Volume II,English
2,Fellwar Stone,,189,Commander Anthology Volume II,English
1,Fire Diamond,,190,Commander Anthology Volume II,English
2,Golgari Signet,,191,Commander Anthology Volume II,English
1,Ichor Wellspring,,193,Commander Anthology Volume II,English
1,Jalum Tome,,194,Commander Anthology Volume II,English
1,Junk Diver,,195,Commander Anthology Volume II,English
2,Lightning Greaves,,196,Commander Anthology Volume II,English
1,Liquimetal Coating,,197,Commander Anthology Volume II,English
1,Loreseeker's Stone,,198,Commander Anthology Volume II,English
1,Loxodon Warhammer,,199,Commander Anthology Volume II,English
2,Mind Stone,,200,Commander Anthology Volume II,English
1,Mycosynth Wellspring,,201,Commander Anthology Volume II,English
1,Myr Battlesphere,,202,Commander Anthology Volume II,English
1,Myr Retriever,,203,Commander Anthology Volume II,English
1,Myr Sire,,204,Commander Anthology Volume II,English
1,Oblivion Stone,,205,Commander Anthology Volume II,English
1,Orzhov Signet,,206,Commander Anthology Volume II,English
1,Palladium Myr,,207,Commander Anthology Volume II,English
1,Panic Spellbomb,,208,Commander Anthology Volume II,English
1,Pentavus,,209,Commander Anthology Volume II,English
1,Pilgrim's Eye,,210,Commander Anthology Volume II,English
1,Pristine Talisman,,211,Commander Anthology Volume II,English
1,Ruby Medallion,,212,Commander Anthology Volume II,English
1,Sandstone Oracle,,213,Commander Anthology Volume II,English
1,Seer's Sundial,,214,Commander Anthology Volume II,English
2,Simic Signet,,216,Commander Anthology Volume II,English
4,Sol Ring,,217,Commander Anthology Volume II,English
2,Solemn Simulacrum,,218,Commander Anthology Volume II,English
1,Spine of Ish Sah,,220,Commander Anthology Volume II,English
1,Staff of Nin,,221,Commander Anthology Volume II,English
1,Steel Hellkite,,222,Commander Anthology Volume II,English
1,Swiftfoot Boots,,223,Commander Anthology Volume II,English
1,Thought Vessel,,224,Commander Anthology Volume II,English
1,Trading Post,,225,Commander Anthology Volume II,English
1,Triskelavus,,226,Commander Anthology Volume II,English
1,Unstable Obelisk,,227,Commander Anthology Volume II,English
1,Urza's Incubator,,228,Commander Anthology Volume II,English
1,Wayfarer's Bauble,,229,Commander Anthology Volume II,English
1,Worn Powerstone,,230,Commander Anthology Volume II,English
1,Wurmcoil Engine,,231,Commander Anthology Volume II,English
1,Ancient Amphitheater,,232,Commander Anthology Volume II,English
1,Arcane Lighthouse,,233,Commander Anthology Volume II,English
1,Arcane Sanctum,,234,Commander Anthology Volume II,English
1,Ash Barrens,,235,Commander Anthology Volume II,English
1,Azorius Chancery,,236,Commander Anthology Volume II,English
1,Barren Moor,,237,Commander Anthology Volume II,English
1,Blasted Landscape,,238,Commander Anthology Volume II,English
1,Boros Garrison,,239,Commander Anthology Volume II,English
1,Boros Guildgate,,240,Commander Anthology Volume II,English
1,Buried Ruin,,241,Commander Anthology Volume II,English
3,Command Tower,,242,Commander Anthology Volume II,English
1,Darksteel Citadel,,243,Commander Anthology Volume II,English
1,Darkwater Catacombs,,244,Commander Anthology Volume II,English
1,Dimir Aqueduct,,245,Commander Anthology Volume II,English
1,Dormant Volcano,,246,Commander Anthology Volume II,English
2,Dreadship Reef,,247,Commander Anthology Volume II,English
1,Drifting Meadow,,248,Commander Anthology Volume II,English
2,Evolving Wilds,,249,Commander Anthology Volume II,English
1,Exotic Orchard,,250,Commander Anthology Volume II,English
1,Flamekin Village,,251,Commander Anthology Volume II,English
2,Forgotten Cave,,252,Commander Anthology Volume II,English
1,Ghost Quarter,,253,Commander Anthology Volume II,English
2,Golgari Rot Farm,,254,Commander Anthology Volume II,English
1,Great Furnace,,255,Commander Anthology Volume II,English
1,Jwar Isle Refuge,,256,Commander Anthology Volume II,English
1,Lonely Sandbar,,257,Commander Anthology Volume II,English
1,Murmuring Bosk,,258,Commander Anthology Volume II,English
1,Opal Palace,,259,Commander Anthology Volume II,English
1,Opulent Palace,,260,Commander Anthology Volume II,English
1,Phyrexia's Core,,261,Commander Anthology Volume II,English
1,Reliquary Tower,,262,Commander Anthology Volume II,English
1,Rupture Spire,,263,Commander Anthology Volume II,English
1,Sandsteppe Citadel,,264,Commander Anthology Volume II,English
1,Seaside Citadel,,265,Commander Anthology Volume II,English
1,Secluded Steppe,,266,Commander Anthology Volume II,English
1,Simic Growth Chamber,,267,Commander Anthology Volume II,English
2,Smoldering Crater,,268,Commander Anthology Volume II,English
1,Sungrass Prairie,,269,Commander Anthology Volume II,English
1,"Svogthos, the Restless Tomb",,270,Commander Anthology Volume II,English
3,Temple of the False God,,272,Commander Anthology Volume II,English
3,Terramorphic Expanse,,273,Commander Anthology Volume II,English
1,Tranquil Thicket,,274,Commander Anthology Volume II,English
1,Underground River,,275,Commander Anthology Volume II,English
1,Vivid Crag,,276,Commander Anthology Volume II,English
1,Vivid Meadow,,277,Commander Anthology Volume II,English
1,Wind-Scarred Crag,,278,Commander Anthology Volume II,English
3,Plains,,279,Commander Anthology Volume II,English
2,Plains,,280,Commander Anthology Volume II,English
3,Plains,,281,Commander Anthology Volume II,English
2,Plains,,282,Commander Anthology Volume II,English
1,Plains,,283,Commander Anthology Volume II,English
3,Plains,,284,Commander Anthology Volume II,English
2,Plains,,285,Commander Anthology Volume II,English
2,Island,,286,Commander Anthology Volume II,English
2,Island,,287,Commander Anthology Volume II,English
2,Island,,288,Commander Anthology Volume II,English
1,Island,,289,Commander Anthology Volume II,English
2,Island,,290,Commander Anthology Volume II,English
1,Island,,291,Commander Anthology Volume II,English
2,Island,,292,Commander Anthology Volume II,English
3,Swamp,,293,Commander Anthology Volume II,English
2,Swamp,,294,Commander Anthology Volume II,English
3,Swamp,,295,Commander Anthology Volume II,English
3,Swamp,,296,Commander Anthology Volume II,English
1,Swamp,,297,Commander Anthology Volume II,English
2,Swamp,,298,Commander Anthology Volume II,English
2,Swamp,,299,Commander Anthology Volume II,English
11,Mountain,,300,Commander Anthology Volume II,English
7,Mountain,,301,Commander Anthology Volume II,English
4,Mountain,,302,Commander Anthology Volume II,English
4,Mountain,,303,Commander Anthology Volume II,English
10,Mountain,,304,Commander Anthology Volume II,English
7,Mountain,,305,Commander Anthology Volume II,English
2,Forest,,306,Commander Anthology Volume II,English
2,Forest,,307,Commander Anthology Volume II,English
2,Forest,,308,Commander Anthology Volume II,English
3,Forest,,309,Commander Anthology Volume II,English
2,Forest,,310,Commander Anthology Volume II,English
2,Forest,,311,Commander Anthology Volume II,English
2,Forest,,312,Commander Anthology Volume II,English
3,Shapeshifter,,1,Extras: Commander Anthology Volume II,English
4,Bird,,2,Extras: Commander Anthology Volume II,English
4,Goat,,3,Extras: Commander Anthology Volume II,English
6,Knight,,4,Extras: Commander Anthology Volume II,English
7,Spirit,,5,Extras: Commander Anthology Volume II,English
2,Germ,,6,Extras: Commander Anthology Volume II,English
4,Zombie,,7,Extras: Commander Anthology Volume II,English
7,Elemental Shaman,,8,Extras: Commander Anthology Volume II,English
4,Goblin,,9,Extras: Commander Anthology Volume II,English
2,Lightning Rager,,10,Extras: Commander Anthology Volume II,English
8,Saproling,,11,Extras: Commander Anthology Volume II,English
11,Myr,,12,Extras: Commander Anthology Volume II,English
5,Pentavite,,13,Extras: Commander Anthology Volume II,English
6,Triskelavite,,14,Extras: Commander Anthology Volume II,English
1,Tuktuk the Returned,,15,Extras: Commander Anthology Volume II,English
2,Wurm,,16,Extras: Commander Anthology Volume II,English
2,Wurm,,17,Extras: Commander Anthology Volume II,English
1,"Emblem: Daretti, Scrap Savant",,18,Extras: Commander Anthology Volume II,English
1,Experience,,19,Extras: Commander Anthology Volume II,English
