Count,Name,Card Number,Edition,Language
,Rainbow,30,Jumpstart Front Cards,English
1,Terramorphic Expanse,78,Jumpstart,English
1,Auger Spree,449,Jumpstart,English
1,Dinrova Horror,450,Jumpstart,English
1,Fusion Elemental,451,Jumpstart,English
1,Ironroot Warlord,452,Jumpstart,English
1,Lawmage's Binding,453,Jumpstart,English
1,Maelstrom Archangel,454,Jumpstart,English
1,Raging Regisaur,455,Jumpstart,English
1,Alloy Myr,457,Jumpstart,English
1,Chamber Sentry,461,Jumpstart,English
1,Prophetic Prism,478,Jumpstart,English
1,Skittering Surveyor,486,Jumpstart,English
1,Mirrodin's Core,492,Jumpstart,English
1,Rupture Spire,495,Jumpstart,English
1,Prismite,235,Core Set 2021,English
1,Plains,,Core Set 2021,English
1,Island,,Core Set 2021,English
1,Swamp,,Core Set 2021,English
1,Mountain,,Core Set 2021,English
1,Forest,,Core Set 2021,English
