Count,Name,Card Number,Edition,Language
,Smashing,34,Jumpstart Front Cards,English
1,Thriving Bluff,33,Jumpstart,English
1,Mountain,67,Jumpstart,English
1,Bloodrage Brawler,296,Jumpstart,English
1,Borderland Marauder,300,Jumpstart,English
1,Fling,320,Jumpstart,English
1,Hamletback Goliath,332,Jumpstart,English
1,Inferno Hellion,337,Jumpstart,English
1,Sarkhan's Unsealing,361,Jumpstart,English
1,Bone Pit Brute,132,Core Set 2021,English
1,Furious Rise,144,Core Set 2021,English
1,Heartfire Immolator,150,Core Set 2021,English
1,Onakke Ogre,155,Core Set 2021,English
1,Turret Ogre,169,Core Set 2021,English
1,Unleash Fury,170,Core Set 2021,English
6,Mountain,,Core Set 2021,English
