Count,Name,Foil,Card Number,Edition,Language
4,Goblin Wardriver,,64,Mirrodin Besieged,English
4,Signal Pest,,131,Mirrodin Besieged,English
1,Contested War Zone,,144,Mirrodin Besieged,English
5,Mountain,,152,Mirrodin Besieged,English
5,Mountain,,153,Mirrodin Besieged,English
2,Galvanic Blast,,91,Scars of Mirrodin,English
4,Kuldotha Rebirth,,96,Scars of Mirrodin,English
1,Spikeshot Elder,,104,Scars of Mirrodin,English
2,Darksteel Axe,,149,Scars of Mirrodin,English
1,Iron Myr,,168,Scars of Mirrodin,English
4,Memnite,,174,Scars of Mirrodin,English
2,Panic Spellbomb,,191,Scars of Mirrodin,English
6,Mountain,,242,Scars of Mirrodin,English
5,Mountain,,243,Scars of Mirrodin,English
4,Lightning Bolt,,149,Magic 2011,English
4,Ornithopter,,211,Magic 2011,English
2,Devastating Summons,,140,Rise of the Eldrazi,English
2,Goblin Bushwhacker,,125,Zendikar,English
2,Goblin Guide,,126,Zendikar,English
,,,,,
,SIDEBOARD,,,,
2,Into the Core,,67,Mirrodin Besieged,English
2,Act of Treason,,121,Magic 2011,English
1,Leyline of Punishment,,148,Magic 2011,English
4,Searing Blaze,,90,Worldwake,English
4,Goblin Ruinblaster,,127,Zendikar,English
2,Unstable Footing,,153,Zendikar,English
