Count,Name,Foil,Card Number,Edition,Language
2,Burn Bright,,93,Ravnica Allegiance,English
2,Clamor Shaman,,96,Ravnica Allegiance,English
2,Feral Maaka,,100,Ravnica Allegiance,English
2,Gravel-Hide Goblin,,105,Ravnica Allegiance,English
1,Axebane Beast,,121,Ravnica Allegiance,English
1,End-Raze Forerunners,,124,Ravnica Allegiance,English
1,Rampaging Rendhorn,,135,Ravnica Allegiance,English
2,Stony Strength,,143,Ravnica Allegiance,English
2,Sylvan Brushstrider,,144,Ravnica Allegiance,English
1,Wrecking Beast,,150,Ravnica Allegiance,English
1,Bolrac-Clan Crusher,,159,Ravnica Allegiance,English
3,Frenzied Arynx,,173,Ravnica Allegiance,English
3,Zhur-Taa Goblin,,215,Ravnica Allegiance,English
1,Glass of the Guildpact,,233,Ravnica Allegiance,English
2,Gruul Guildgate,,249,Ravnica Allegiance,English
2,Gruul Guildgate,,250,Ravnica Allegiance,English
11,Mountain,,263,Ravnica Allegiance,English
11,Forest,,264,Ravnica Allegiance,English
1,"Domri, City Smasher",foil,269,Ravnica Allegiance,English
4,Ragefire,,270,Ravnica Allegiance,English
3,Charging War Boar,,271,Ravnica Allegiance,English
2,Domri's Nodorog,,272,Ravnica Allegiance,English
