Count,Name,Foil,Card Number,Edition,Language
1,Aerie Mystics,,1,Commander Anthology,English
1,Angel of Finality,,3,Commander Anthology,English
1,Curse of the Forsaken,,8,Commander Anthology,English
1,Darksteel Mutation,,9,Commander Anthology,English
1,Fiend Hunter,,10,Commander Anthology,English
1,Flickerform,,11,Commander Anthology,English
1,Flickerwisp,,12,Commander Anthology,English
1,Karmic Guide,,13,Commander Anthology,English
1,Kirtar's Wrath,,14,Commander Anthology,English
1,Mirror Entity,,16,Commander Anthology,English
1,Stonecloaker,,25,Commander Anthology,English
1,Tempt with Glory,,26,Commander Anthology,English
1,Unexpectedly Absent,,27,Commander Anthology,English
1,Arcane Denial,,30,Commander Anthology,English
1,"Azami, Lady of Scrolls",,31,Commander Anthology,English
1,Blue Sun's Zenith,,32,Commander Anthology,English
1,"Borrowing 100,000 Arrows",,33,Commander Anthology,English
1,Control Magic,,34,Commander Anthology,English
1,Curse of Inertia,,35,Commander Anthology,English
1,Deceiver Exarch,,36,Commander Anthology,English
1,Diviner Spirit,,37,Commander Anthology,English
1,Djinn of Infinite Deceits,,38,Commander Anthology,English
1,Dungeon Geists,,39,Commander Anthology,English
1,Hada Spy Patrol,,40,Commander Anthology,English
1,"Lu Xun, Scholar General",,41,Commander Anthology,English
1,Thornwind Faeries,,42,Commander Anthology,English
1,Wash Out,,43,Commander Anthology,English
1,Wonder,,44,Commander Anthology,English
1,Acidic Slime,,90,Commander Anthology,English
1,Bane of Progress,,91,Commander Anthology,English
1,Curse of Predation,,99,Commander Anthology,English
1,Farhaven Elf,,109,Commander Anthology,English
1,Kazandu Tuskcaller,,121,Commander Anthology,English
1,Krosan Grip,,123,Commander Anthology,English
1,Phantom Nantuko,,133,Commander Anthology,English
1,Presence of Gond,,135,Commander Anthology,English
1,Restore,,141,Commander Anthology,English
1,Aethermage's Touch,,172,Commander Anthology,English
1,"Derevi, Empyrial Tactician",foil,176,Commander Anthology,English
1,Leafdrake Roost,,182,Commander Anthology,English
1,Roon of the Hidden Realm,,190,Commander Anthology,English
1,Rubinia Soulsinger,,191,Commander Anthology,English
1,Selesnya Charm,,192,Commander Anthology,English
1,Skyward Eye Prophets,,193,Commander Anthology,English
1,Winged Coatl,,197,Commander Anthology,English
1,Mistmeadow Witch,,203,Commander Anthology,English
1,Murkfiend Liege,,204,Commander Anthology,English
1,Selesnya Guildmage,,206,Commander Anthology,English
1,Azorius Keyrune,,209,Commander Anthology,English
1,Basalt Monolith,,210,Commander Anthology,English
1,Conjurer's Closet,,214,Commander Anthology,English
1,Darksteel Ingot,,215,Commander Anthology,English
1,Leonin Bladetrap,,219,Commander Anthology,English
1,Pilgrim's Eye,,224,Commander Anthology,English
1,Selesnya Signet,,228,Commander Anthology,English
1,Simic Signet,,229,Commander Anthology,English
1,Sol Ring,,231,Commander Anthology,English
1,Surveyor's Scope,,232,Commander Anthology,English
1,Swiftfoot Boots,,233,Commander Anthology,English
1,Sword of the Paruns,,234,Commander Anthology,English
1,Thousand-Year Elixir,,236,Commander Anthology,English
1,Thunderstaff,,237,Commander Anthology,English
1,Azorius Chancery,,239,Commander Anthology,English
1,Azorius Guildgate,,240,Commander Anthology,English
1,Bant Panorama,,241,Commander Anthology,English
1,Command Tower,,245,Commander Anthology,English
1,Evolving Wilds,,247,Commander Anthology,English
1,Faerie Conclave,,248,Commander Anthology,English
1,Opal Palace,,262,Commander Anthology,English
1,Rupture Spire,,267,Commander Anthology,English
1,Saltcrusted Steppe,,268,Commander Anthology,English
1,Seaside Citadel,,269,Commander Anthology,English
1,Secluded Steppe,,270,Commander Anthology,English
1,Sejiri Refuge,,271,Commander Anthology,English
1,Selesnya Guildgate,,272,Commander Anthology,English
1,Selesnya Sanctuary,,273,Commander Anthology,English
1,Simic Guildgate,,274,Commander Anthology,English
1,Temple of the False God,,277,Commander Anthology,English
1,Terramorphic Expanse,,278,Commander Anthology,English
1,Transguild Promenade,,280,Commander Anthology,English
2,Plains,,286,Commander Anthology,English
1,Plains,,289,Commander Anthology,English
2,Plains,,291,Commander Anthology,English
2,Plains,,292,Commander Anthology,English
1,Island,,293,Commander Anthology,English
2,Island,,294,Commander Anthology,English
2,Island,,295,Commander Anthology,English
2,Island,,296,Commander Anthology,English
2,Forest,,309,Commander Anthology,English
2,Forest,,317,Commander Anthology,English
1,Forest,,318,Commander Anthology,English
1,Forest,,320,Commander Anthology,English
1,Knight,,2,Extras: Commander Anthology,English
2,Spirit,,3,Extras: Commander Anthology,English
2,Elephant,,10,Extras: Commander Anthology,English
11,Elf Warrior,,12,Extras: Commander Anthology,English
4,Drake,,18,Extras: Commander Anthology,English
