Count,Name,Foil,Card Number,Edition,Language
2,Augury Owl,,14,Planechase Anthology,English
1,Cancel,,15,Planechase Anthology,English
1,Concentrate,,16,Planechase Anthology,English
1,"Higure, the Still Wind",,18,Planechase Anthology,English
1,Mistblade Shinobi,,20,Planechase Anthology,English
2,Ninja of the Deep Hours,,21,Planechase Anthology,English
1,Sakashima's Student,,24,Planechase Anthology,English
1,Walker of Secret Ways,,27,Planechase Anthology,English
1,Wall of Frost,,28,Planechase Anthology,English
2,Assassinate,,30,Planechase Anthology,English
1,Cadaver Imp,,31,Planechase Anthology,English
1,Dark Hatchling,,32,Planechase Anthology,English
1,"Ink-Eyes, Servant of Oni",,33,Planechase Anthology,English
1,Liliana's Specter,,34,Planechase Anthology,English
1,Okiba-Gang Shinobi,,35,Planechase Anthology,English
1,Skullsnatcher,,36,Planechase Anthology,English
1,Throat Slitter,,37,Planechase Anthology,English
2,Tormented Soul,,38,Planechase Anthology,English
2,Baleful Strix,,82,Planechase Anthology,English
2,Dimir Infiltrator,,86,Planechase Anthology,English
1,Glen Elendra Liege,,94,Planechase Anthology,English
1,Inkfathom Witch,,97,Planechase Anthology,English
1,Silent-Blade Oni,,105,Planechase Anthology,English
1,Vela the Night-Clad,,107,Planechase Anthology,English
1,Farsight Mask,,109,Planechase Anthology,English
1,Fractured Powerstone,,111,Planechase Anthology,English
1,Quietus Spike,,112,Planechase Anthology,English
2,Sai of the Shinobi,,113,Planechase Anthology,English
1,Whispersilk Cloak,,115,Planechase Anthology,English
2,Dimir Aqueduct,,116,Planechase Anthology,English
2,Jwar Isle Refuge,,120,Planechase Anthology,English
1,Tainted Isle,,128,Planechase Anthology,English
1,Terramorphic Expanse,,129,Planechase Anthology,English
3,Island,,138,Planechase Anthology,English
2,Island,,139,Planechase Anthology,English
2,Island,,140,Planechase Anthology,English
2,Island,,141,Planechase Anthology,English
3,Swamp,,143,Planechase Anthology,English
2,Swamp,,144,Planechase Anthology,English
2,Swamp,,145,Planechase Anthology,English
2,Swamp,,146,Planechase Anthology,English
