Count,Name,Foil,Card Number,Edition,Language
1,Ob Nixilis of the Black Oath,foil,27,Oversized: Commander 2014,English
1,Demon of Wailing Agonies,,21,Commander 2014,English
1,Flesh Carver,,22,Commander 2014,English
1,Ghoulcaller Gisa,,23,Commander 2014,English
1,Infernal Offering,,24,Commander 2014,English
1,Malicious Affliction,,25,Commander 2014,English
1,Necromantic Selection,,26,Commander 2014,English
1,Ob Nixilis of the Black Oath,,27,Commander 2014,English
1,Overseer of the Damned,,28,Commander 2014,English
1,Raving Dead,,29,Commander 2014,English
1,Spoils of Blood,,30,Commander 2014,English
1,Wake the Dead,,31,Commander 2014,English
1,Commander's Sphere,,54,Commander 2014,English
1,Unstable Obelisk,,58,Commander 2014,English
1,Arcane Lighthouse,,59,Commander 2014,English
1,Myriad Landscape,,61,Commander 2014,English
1,Abyssal Persecutor,,132,Commander 2014,English
1,Aether Snap,,133,Commander 2014,English
1,Annihilate,,134,Commander 2014,English
1,Bad Moon,,135,Commander 2014,English
1,Black Sun's Zenith,,136,Commander 2014,English
1,Bloodgift Demon,,137,Commander 2014,English
1,Butcher of Malakir,,138,Commander 2014,English
1,Crypt Ghast,,139,Commander 2014,English
1,Disciple of Bolas,,140,Commander 2014,English
1,"Drana, Kalastria Bloodchief",,141,Commander 2014,English
1,Dread Return,,142,Commander 2014,English
1,Dregs of Sorrow,,143,Commander 2014,English
1,Evernight Shade,,144,Commander 2014,English
1,Grave Titan,,145,Commander 2014,English
1,Gray Merchant of Asphodel,,146,Commander 2014,English
1,Liliana's Reaver,,147,Commander 2014,English
1,Magus of the Coffers,,148,Commander 2014,English
1,Morkrut Banshee,,149,Commander 2014,English
1,Mutilate,,150,Commander 2014,English
1,Nantuko Shade,,151,Commander 2014,English
1,Nekrataal,,152,Commander 2014,English
1,Pestilence Demon,,153,Commander 2014,English
1,Phyrexian Gargantua,,154,Commander 2014,English
1,Pontiff of Blight,,155,Commander 2014,English
1,Profane Command,,156,Commander 2014,English
1,Promise of Power,,157,Commander 2014,English
1,Read the Bones,,158,Commander 2014,English
1,Reaper from the Abyss,,159,Commander 2014,English
1,Shriekmaw,,160,Commander 2014,English
1,Sign in Blood,,161,Commander 2014,English
1,Skeletal Scrying,,162,Commander 2014,English
1,Skirsdag High Priest,,163,Commander 2014,English
1,Sudden Spoiling,,164,Commander 2014,English
1,Syphon Mind,,165,Commander 2014,English
1,Tendrils of Corruption,,166,Commander 2014,English
1,Tragic Slip,,167,Commander 2014,English
1,Vampire Hexmage,,168,Commander 2014,English
1,Victimize,,169,Commander 2014,English
1,Xathrid Demon,,170,Commander 2014,English
1,Burnished Hart,,232,Commander 2014,English
1,Charcoal Diamond,,235,Commander 2014,English
1,Jet Medallion,,243,Commander 2014,English
1,Lashwrithe,,245,Commander 2014,English
1,Mind Stone,,250,Commander 2014,English
1,Sol Ring,,270,Commander 2014,English
1,Swiftfoot Boots,,275,Commander 2014,English
1,Worn Powerstone,,282,Commander 2014,English
1,Barren Moor,,284,Commander 2014,English
1,Bojuka Bog,,285,Commander 2014,English
1,Crypt of Agadeem,,288,Commander 2014,English
1,Everglades,,294,Commander 2014,English
1,Ghost Quarter,,298,Commander 2014,English
1,Polluted Mire,,307,Commander 2014,English
8,Swamp,,326,Commander 2014,English
8,Swamp,,327,Commander 2014,English
8,Swamp,,328,Commander 2014,English
8,Swamp,,329,Commander 2014,English
1,Demon // Zombie,,46,Extras: Commander 2014,English
5,Demon // Zombie,,47,Extras: Commander 2014,English
1,Germ // Zombie,,48,Extras: Commander 2014,English
2,Horror // Zombie,,50,Extras: Commander 2014,English
1,Emblem: Nixilis // Zombie,,59,Extras: Commander 2014,English
