Count,Name,Foil,Card Number,Edition,Language
1,"Kadena, Slinking Sorcerer",foil,,Oversized: Commander 2019,English
1,"Kadena, Slinking Sorcerer",foil,,Commander 2019,English
1,Vraska the Unseen,,,Commander 2019,English
1,Ainok Survivalist,,,Commander 2019,English
1,Apex Altisaur,,,Commander 2019,English
1,Bane of the Living,,,Commander 2019,English
1,Chromeshell Crab,,,Commander 2019,English
1,Deathmist Raptor,,,Commander 2019,English
1,Den Protector,,,Commander 2019,English
1,Great Oak Guardian,,,Commander 2019,English
1,Grim Haruspex,,,Commander 2019,English
1,"Grismold, the Dreadsower",,,Commander 2019,English
1,Hooded Hydra,,,Commander 2019,English
1,Icefeather Aven,,,Commander 2019,English
1,Ixidron,,,Commander 2019,English
1,Kadena's Silencer,,,Commander 2019,English
1,Kheru Spellsnatcher,,,Commander 2019,English
1,Nantuko Vigilante,,,Commander 2019,English
1,"Rayami, First of the Fallen",foil,,Commander 2019,English
1,Sagu Mauler,,,Commander 2019,English
1,Sakura-Tribe Elder,,,Commander 2019,English
1,Scaretiller,,,Commander 2019,English
1,Seedborn Muse,,,Commander 2019,English
1,Silumgar Assassin,,,Commander 2019,English
1,Skinthinner,,,Commander 2019,English
1,Stratus Dancer,,,Commander 2019,English
1,Thelonite Hermit,,,Commander 2019,English
1,Thieving Amalgam,,,Commander 2019,English
1,Thought Sponge,,,Commander 2019,English
1,Thousand Winds,,,Commander 2019,English
1,Vesuvan Shapeshifter,,,Commander 2019,English
1,Voice of Many,,,Commander 2019,English
1,"Volrath, the Shapestealer",foil,,Commander 2019,English
1,Willbender,,,Commander 2019,English
1,Cultivate,,,Commander 2019,English
1,Explore,,,Commander 2019,English
1,Farseek,,,Commander 2019,English
1,Ghastly Conscription,,,Commander 2019,English
1,Hex,,,Commander 2019,English
1,Mire in Misery,,,Commander 2019,English
1,Overwhelming Stampede,,,Commander 2019,English
1,Road of Return,,,Commander 2019,English
1,Tempt with Discovery,,,Commander 2019,English
1,Tezzeret's Gambit,,,Commander 2019,English
1,Urban Evolution,,,Commander 2019,English
1,Biomass Mutation,,,Commander 2019,English
1,Echoing Truth,,,Commander 2019,English
1,Leadership Vacuum,,,Commander 2019,English
1,Putrefy,,,Commander 2019,English
1,Reality Shift,,,Commander 2019,English
1,Sudden Substitution,,,Commander 2019,English
1,Sultai Charm,,,Commander 2019,English
1,Pendant of Prosperity,,,Commander 2019,English
1,Scroll of Fate,,,Commander 2019,English
1,Sol Ring,,,Commander 2019,English
1,Strionic Resonator,,,Commander 2019,English
1,Thran Dynamo,,,Commander 2019,English
1,Bounty of the Luxa,,,Commander 2019,English
1,Gift of Doom,,,Commander 2019,English
1,Secret Plans,,,Commander 2019,English
1,Trail of Mystery,,,Commander 2019,English
1,Ash Barrens,,,Commander 2019,English
1,Bojuka Bog,,,Commander 2019,English
1,Command Tower,,,Commander 2019,English
1,Darkwater Catacombs,,,Commander 2019,English
1,Dimir Aqueduct,,,Commander 2019,English
1,Evolving Wilds,,,Commander 2019,English
1,Exotic Orchard,,,Commander 2019,English
1,Foul Orchard,,,Commander 2019,English
1,Golgari Guildgate,,,Commander 2019,English
1,Golgari Rot Farm,,,Commander 2019,English
1,Jungle Hollow,,,Commander 2019,English
1,Llanowar Wastes,,,Commander 2019,English
1,Myriad Landscape,,,Commander 2019,English
1,Opulent Palace,,,Commander 2019,English
1,Reliquary Tower,,,Commander 2019,English
1,Shrine of the Forsaken Gods,,,Commander 2019,English
1,Simic Growth Chamber,,,Commander 2019,English
1,Simic Guildgate,,,Commander 2019,English
1,Sunken Hollow,,,Commander 2019,English
1,Temple of the False God,,,Commander 2019,English
1,Terramorphic Expanse,,,Commander 2019,English
1,Thespian's Stage,,,Commander 2019,English
1,Thornwood Falls,,,Commander 2019,English
1,Woodland Stream,,,Commander 2019,English
1,Yavimaya Coast,,,Commander 2019,English
3,Island,,291,Commander 2019,English
2,Island,,292,Commander 2019,English
2,Swamp,,294,Commander 2019,English
1,Swamp,,296,Commander 2019,English
4,Forest,,300,Commander 2019,English
3,Forest,,301,Commander 2019,English
3,Assassin // Morph,,37,Extras: Commander 2019,English
2,Plant // Snake,,42,Extras: Commander 2019,English
1,Plant // Morph,,43,Extras: Commander 2019,English
1,Saproling // Morph,,45,Extras: Commander 2019,English
3,Saproling // Manifest,,46,Extras: Commander 2019,English
