Count,Name,Card Number,Edition,Language
1,Walls,43,Jumpstart Front Cards,English
1,Towering Titan,31,Jumpstart,English
1,Thriving Grove,34,Jumpstart,English
1,Forest,75,Jumpstart,English
1,Assault Formation,378,Jumpstart,English
1,Carven Caryatid,382,Jumpstart,English
1,Crushing Canopy,386,Jumpstart,English
1,Grave Bramble,401,Jumpstart,English
1,Overgrown Battlement,417,Jumpstart,English
1,Wall of Blossoms,442,Jumpstart,English
1,Wall of Vines,443,Jumpstart,English
1,Gargoyle Sentinel,465,Jumpstart,English
1,Roving Keep,480,Jumpstart,English
1,Warmonger's Chariot,490,Jumpstart,English
1,Portcullis Vine,195,Core Set 2021,English
6,Forest,,Core Set 2021,English
