Count,Name,Foil,Card Number,Edition,Language
1,"Atraxa, Praetors' Voice",foil,10,Commander Anthology Volume II,English
1,"Ikra Shidiqi, the Usurper",foil,11,Commander Anthology Volume II,English
1,"Ishai, Ojutai Dragonspeaker",foil,12,Commander Anthology Volume II,English
1,"Reyhan, Last of the Abzan",foil,13,Commander Anthology Volume II,English
1,Abzan Falconer,,15,Commander Anthology Volume II,English
1,Brave the Sands,,19,Commander Anthology Volume II,English
1,Cathars' Crusade,,20,Commander Anthology Volume II,English
1,Citadel Siege,,21,Commander Anthology Volume II,English
1,Custodi Soulbinders,,23,Commander Anthology Volume II,English
1,Duelist's Heritage,,26,Commander Anthology Volume II,English
1,Elite Scaleguard,,27,Commander Anthology Volume II,English
1,Orzhov Advokist,,34,Commander Anthology Volume II,English
1,Reveillark,,35,Commander Anthology Volume II,English
1,Sublime Exhalation,,36,Commander Anthology Volume II,English
1,Deepglow Skate,,39,Commander Anthology Volume II,English
1,Disdainful Stroke,,40,Commander Anthology Volume II,English
1,Grip of Phyresis,,43,Commander Anthology Volume II,English
1,Manifold Insights,,44,Commander Anthology Volume II,English
1,Tezzeret's Gambit,,51,Commander Anthology Volume II,English
1,Thrummingbird,,52,Commander Anthology Volume II,English
1,Treasure Cruise,,53,Commander Anthology Volume II,English
1,Bane of the Living,,58,Commander Anthology Volume II,English
1,Festercreep,,63,Commander Anthology Volume II,English
1,Languish,,67,Commander Anthology Volume II,English
1,Necroplasm,,70,Commander Anthology Volume II,English
1,Champion of Lambholt,,134,Commander Anthology Volume II,English
1,Forgotten Ancient,,137,Commander Anthology Volume II,English
1,Hardened Scales,,138,Commander Anthology Volume II,English
1,Inspiring Call,,139,Commander Anthology Volume II,English
1,Kalonian Hydra,,140,Commander Anthology Volume II,English
1,Scavenging Ooze,,143,Commander Anthology Volume II,English
1,Solidarity of Heroes,,144,Commander Anthology Volume II,English
1,Tuskguard Captain,,147,Commander Anthology Volume II,English
1,Ancient Excavation,,150,Commander Anthology Volume II,English
1,Bred for the Hunt,,151,Commander Anthology Volume II,English
1,Corpsejack Menace,,152,Commander Anthology Volume II,English
1,Duneblast,,154,Commander Anthology Volume II,English
1,Enduring Scalelord,,155,Commander Anthology Volume II,English
1,Fathom Mage,,156,Commander Anthology Volume II,English
1,"Ghave, Guru of Spores",,157,Commander Anthology Volume II,English
1,Juniper Order Ranger,,158,Commander Anthology Volume II,English
1,Master Biomancer,,159,Commander Anthology Volume II,English
1,Merciless Eviction,,160,Commander Anthology Volume II,English
1,Migratory Route,,161,Commander Anthology Volume II,English
1,Mirrorweave,,162,Commander Anthology Volume II,English
1,Mortify,,163,Commander Anthology Volume II,English
1,Putrefy,,164,Commander Anthology Volume II,English
1,Spitting Image,,166,Commander Anthology Volume II,English
1,Sylvan Reclamation,,167,Commander Anthology Volume II,English
1,Vorel of the Hull Clade,,169,Commander Anthology Volume II,English
1,Vulturous Zombie,,170,Commander Anthology Volume II,English
1,Astral Cornucopia,,172,Commander Anthology Volume II,English
1,Cauldron of Souls,,180,Commander Anthology Volume II,English
1,Commander's Sphere,,182,Commander Anthology Volume II,English
1,Crystalline Crawler,,183,Commander Anthology Volume II,English
1,Darksteel Ingot,,184,Commander Anthology Volume II,English
1,Fellwar Stone,,189,Commander Anthology Volume II,English
1,Golgari Signet,,191,Commander Anthology Volume II,English
1,Orzhov Signet,,206,Commander Anthology Volume II,English
1,Simic Signet,,216,Commander Anthology Volume II,English
1,Sol Ring,,217,Commander Anthology Volume II,English
1,Arcane Sanctum,,234,Commander Anthology Volume II,English
1,Ash Barrens,,235,Commander Anthology Volume II,English
1,Azorius Chancery,,236,Commander Anthology Volume II,English
1,Command Tower,,242,Commander Anthology Volume II,English
1,Darkwater Catacombs,,244,Commander Anthology Volume II,English
1,Dreadship Reef,,247,Commander Anthology Volume II,English
1,Evolving Wilds,,249,Commander Anthology Volume II,English
1,Exotic Orchard,,250,Commander Anthology Volume II,English
1,Golgari Rot Farm,,254,Commander Anthology Volume II,English
1,Murmuring Bosk,,258,Commander Anthology Volume II,English
1,Opal Palace,,259,Commander Anthology Volume II,English
1,Opulent Palace,,260,Commander Anthology Volume II,English
1,Sandsteppe Citadel,,264,Commander Anthology Volume II,English
1,Seaside Citadel,,265,Commander Anthology Volume II,English
1,Sungrass Prairie,,269,Commander Anthology Volume II,English
1,Temple of the False God,,272,Commander Anthology Volume II,English
1,Terramorphic Expanse,,273,Commander Anthology Volume II,English
1,Underground River,,275,Commander Anthology Volume II,English
2,Plains,,280,Commander Anthology Volume II,English
1,Plains,,283,Commander Anthology Volume II,English
2,Plains,,285,Commander Anthology Volume II,English
1,Island,,289,Commander Anthology Volume II,English
2,Island,,290,Commander Anthology Volume II,English
1,Island,,291,Commander Anthology Volume II,English
2,Swamp,,294,Commander Anthology Volume II,English
1,Swamp,,297,Commander Anthology Volume II,English
2,Swamp,,298,Commander Anthology Volume II,English
3,Forest,,309,Commander Anthology Volume II,English
2,Forest,,310,Commander Anthology Volume II,English
2,Forest,,311,Commander Anthology Volume II,English
4,Spirit,,5,Extras: Commander Anthology Volume II,English
2,Germ,,6,Extras: Commander Anthology Volume II,English
4,Zombie,,7,Extras: Commander Anthology Volume II,English
7,Elemental Shaman,,8,Extras: Commander Anthology Volume II,English
3,Goblin,,9,Extras: Commander Anthology Volume II,English
