Count,Name,Foil,Card Number,Edition,Language
1,"Ezuri, Claw of Progress",foil,44,Oversized: Commander 2015,English
1,Broodbirth Viper,,10,Commander 2015,English
1,Illusory Ambusher,,12,Commander 2015,English
1,Mirror Match,,13,Commander 2015,English
1,Synthetic Destiny,,15,Commander 2015,English
1,Arachnogenesis,,32,Commander 2015,English
1,Caller of the Pack,,34,Commander 2015,English
1,Ezuri's Predation,,36,Commander 2015,English
1,Great Oak Guardian,,37,Commander 2015,English
1,Skullwinder,,39,Commander 2015,English
1,Verdant Confluence,,40,Commander 2015,English
1,"Ezuri, Claw of Progress",,44,Commander 2015,English
1,"Kaseto, Orochi Archmage",,47,Commander 2015,English
1,Scytheclaw,,53,Commander 2015,English
1,Thought Vessel,,55,Commander 2015,English
1,Command Beacon,,56,Commander 2015,English
1,Bident of Thassa,,86,Commander 2015,English
1,Day of the Dragons,,91,Commander 2015,English
1,Mulldrifter,,97,Commander 2015,English
1,Ninja of the Deep Hours,,99,Commander 2015,English
1,Plaxmanta,,100,Commander 2015,English
1,Rapid Hybridization,,102,Commander 2015,English
1,Arbor Colossus,,174,Commander 2015,English
1,Bane of Progress,,175,Commander 2015,English
1,Beastmaster Ascension,,176,Commander 2015,English
1,Caller of the Claw,,177,Commander 2015,English
1,Chameleon Colossus,,178,Commander 2015,English
1,Cobra Trap,,180,Commander 2015,English
1,Desert Twister,,181,Commander 2015,English
1,Elvish Visionary,,182,Commander 2015,English
1,Eternal Witness,,183,Commander 2015,English
1,Experiment One,,184,Commander 2015,English
1,Forgotten Ancient,,185,Commander 2015,English
1,Kodama's Reach,,188,Commander 2015,English
1,Krosan Grip,,189,Commander 2015,English
1,Loaming Shaman,,190,Commander 2015,English
1,Noble Quarry,,193,Commander 2015,English
1,Ohran Viper,,194,Commander 2015,English
1,Overrun,,195,Commander 2015,English
1,Patagia Viper,,197,Commander 2015,English
1,Rampant Growth,,199,Commander 2015,English
1,Sakura-Tribe Elder,,200,Commander 2015,English
1,Stingerfling Spider,,203,Commander 2015,English
1,Thelonite Hermit,,205,Commander 2015,English
1,Viridian Shaman,,209,Commander 2015,English
1,Coiling Oracle,,213,Commander 2015,English
1,Lorescale Coatl,,225,Commander 2015,English
1,Mystic Snake,,228,Commander 2015,English
1,Prime Speaker Zegana,,230,Commander 2015,English
1,Trygon Predator,,236,Commander 2015,English
1,Biomantic Mastery,,239,Commander 2015,English
1,Cold-Eyed Selkie,,241,Commander 2015,English
1,Snakeform,,242,Commander 2015,English
1,Wistful Selkie,,243,Commander 2015,English
1,Orochi Hatchery,,260,Commander 2015,English
1,Simic Keyrune,,265,Commander 2015,English
1,Simic Signet,,266,Commander 2015,English
1,Sol Ring,,268,Commander 2015,English
1,Solemn Simulacrum,,269,Commander 2015,English
1,Swiftfoot Boots,,271,Commander 2015,English
1,Sword of Vengeance,,272,Commander 2015,English
1,Command Tower,,281,Commander 2015,English
1,Evolving Wilds,,283,Commander 2015,English
1,High Market,,289,Commander 2015,English
1,Llanowar Reborn,,293,Commander 2015,English
1,Mosswort Bridge,,294,Commander 2015,English
1,"Novijen, Heart of Progress",,296,Commander 2015,English
1,"Oran-Rief, the Vastwood",,297,Commander 2015,English
1,Reliquary Tower,,301,Commander 2015,English
1,Simic Growth Chamber,,305,Commander 2015,English
1,Simic Guildgate,,306,Commander 2015,English
1,Terramorphic Expanse,,314,Commander 2015,English
1,Thornwood Falls,,315,Commander 2015,English
1,Vivid Creek,,317,Commander 2015,English
1,Vivid Grove,,318,Commander 2015,English
1,Zoetic Cavern,,322,Commander 2015,English
3,Island,,327,Commander 2015,English
2,Island,,328,Commander 2015,English
3,Island,,329,Commander 2015,English
3,Island,,330,Commander 2015,English
4,Forest,,339,Commander 2015,English
4,Forest,,340,Commander 2015,English
3,Forest,,341,Commander 2015,English
3,Forest,,342,Commander 2015,English
1,Experience,,25,Extras: Commander 2015,English
1,Germ // Frog Lizard,,33,Extras: Commander 2015,English
2,Saproling // Snake,,39,Extras: Commander 2015,English
2,Saproling // Snake,,40,Extras: Commander 2015,English
2,Snake // Beast,,41,Extras: Commander 2015,English
1,Spider // Dragon,,42,Extras: Commander 2015,English
1,Spider // Bear,,43,Extras: Commander 2015,English
