Count,Name,Foil,Card Number,Edition,Language
1,Alms Collector,,1,Commander 2017,English
1,"Balan, Wandering Knight",,2,Commander 2017,English
2,Curse of Vitality,,3,Commander 2017,English
1,Fortunate Few,,4,Commander 2017,English
1,Kindred Boon,,5,Commander 2017,English
1,Scalelord Reckoner,,6,Commander 2017,English
1,Stalking Leonin,,7,Commander 2017,English
1,Teferi's Protection,,8,Commander 2017,English
2,Curse of Verbosity,,9,Commander 2017,English
1,Galecaster Colossus,,10,Commander 2017,English
1,Kindred Discovery,,11,Commander 2017,English
1,Magus of the Mind,,12,Commander 2017,English
1,Portal Mage,,13,Commander 2017,English
2,Bloodline Necromancer,,14,Commander 2017,English
1,Boneyard Scourge,,15,Commander 2017,English
2,Curse of Disturbance,,16,Commander 2017,English
1,Kheru Mind-Eater,,17,Commander 2017,English
1,Kindred Dominance,,18,Commander 2017,English
1,New Blood,,19,Commander 2017,English
1,Patron of the Vein,,20,Commander 2017,English
1,Vindictive Lich,,21,Commander 2017,English
1,Bloodsworn Steward,,22,Commander 2017,English
1,Crimson Honor Guard,,23,Commander 2017,English
2,Curse of Opulence,,24,Commander 2017,English
1,Disrupt Decorum,,25,Commander 2017,English
1,Izzet Chemister,,26,Commander 2017,English
1,Kindred Charge,,27,Commander 2017,English
1,Shifting Shadow,,28,Commander 2017,English
1,Territorial Hellkite,,29,Commander 2017,English
2,Curse of Bounty,,30,Commander 2017,English
1,Hungry Lynx,,31,Commander 2017,English
1,Kindred Summons,,32,Commander 2017,English
1,Qasali Slingers,,33,Commander 2017,English
1,Traverse the Outlands,,34,Commander 2017,English
1,"Arahbo, Roar of the World",foil,35,Commander 2017,English
1,Edgar Markov,foil,36,Commander 2017,English
1,Fractured Identity,,37,Commander 2017,English
1,"Inalla, Archmage Ritualist",foil,38,Commander 2017,English
1,"Kess, Dissident Mage",foil,39,Commander 2017,English
1,"Licia, Sanguine Tribune",foil,40,Commander 2017,English
1,"Mairsil, the Pretender",foil,41,Commander 2017,English
1,"Mathas, Fiend Seeker",foil,42,Commander 2017,English
1,"Mirri, Weatherlight Duelist",foil,43,Commander 2017,English
1,"Nazahn, Revered Bladesmith",foil,44,Commander 2017,English
1,"O-Kagachi, Vengeful Kami",foil,45,Commander 2017,English
1,"Taigam, Ojutai Master",,46,Commander 2017,English
1,"Taigam, Sidisi's Hand",,47,Commander 2017,English
1,The Ur-Dragon,foil,48,Commander 2017,English
1,"Wasitora, Nekoru Queen",,49,Commander 2017,English
1,Bloodforged Battle-Axe,,50,Commander 2017,English
1,Hammer of Nazahn,,51,Commander 2017,English
2,Heirloom Blade,,52,Commander 2017,English
2,Herald's Horn,,53,Commander 2017,English
2,Mirror of the Forebears,,54,Commander 2017,English
1,"Ramos, Dragon Engine",,55,Commander 2017,English
4,Path of Ancestry,,56,Commander 2017,English
1,Blind Obedience,,57,Commander 2017,English
1,Condemn,,58,Commander 2017,English
1,Divine Reckoning,,59,Commander 2017,English
1,Fell the Mighty,,60,Commander 2017,English
1,"Jareth, Leonine Titan",,61,Commander 2017,English
1,Jazal Goldmane,,62,Commander 2017,English
1,"Kemba, Kha Regent",,63,Commander 2017,English
1,Leonin Arbiter,,64,Commander 2017,English
1,Leonin Relic-Warder,,65,Commander 2017,English
1,Leonin Shikari,,66,Commander 2017,English
1,Orator of Ojutai,,67,Commander 2017,English
1,Oreskos Explorer,,68,Commander 2017,English
1,Raksha Golden Cub,,69,Commander 2017,English
1,Return to Dust,,70,Commander 2017,English
1,Rout,,71,Commander 2017,English
1,Seht's Tiger,,72,Commander 2017,English
1,Spirit of the Hearth,,73,Commander 2017,English
1,Sunscorch Regent,,74,Commander 2017,English
1,Sunspear Shikari,,75,Commander 2017,English
1,Swords to Plowshares,,76,Commander 2017,English
1,Taj-Nar Swordsmith,,77,Commander 2017,English
1,White Sun's Zenith,,78,Commander 2017,English
1,Wing Shards,,79,Commander 2017,English
1,Arcanis the Omnipotent,,80,Commander 2017,English
1,Archaeomancer,,81,Commander 2017,English
1,"Azami, Lady of Scrolls",,82,Commander 2017,English
1,Body Double,,83,Commander 2017,English
1,Clone Legion,,84,Commander 2017,English
1,Harbinger of the Tides,,85,Commander 2017,English
1,Into the Roil,,86,Commander 2017,English
1,Merchant of Secrets,,87,Commander 2017,English
1,Monastery Siege,,88,Commander 2017,English
1,Opportunity,,89,Commander 2017,English
1,Polymorphist's Jest,,90,Commander 2017,English
1,Reality Shift,,91,Commander 2017,English
1,Sea Gate Oracle,,92,Commander 2017,English
1,Serendib Sorcerer,,93,Commander 2017,English
1,Spelltwine,,94,Commander 2017,English
1,Ambition's Cost,,95,Commander 2017,English
1,"Anowon, the Ruin Sage",,96,Commander 2017,English
1,Apprentice Necromancer,,97,Commander 2017,English
1,Black Market,,98,Commander 2017,English
1,Blood Artist,,99,Commander 2017,English
1,Blood Tribute,,100,Commander 2017,English
1,Bloodhusk Ritualist,,101,Commander 2017,English
1,Bloodlord of Vaasgoth,,102,Commander 2017,English
1,Butcher of Malakir,,103,Commander 2017,English
1,Captivating Vampire,,104,Commander 2017,English
1,Consuming Vapors,,105,Commander 2017,English
1,Corpse Augur,,106,Commander 2017,English
1,Crux of Fate,,107,Commander 2017,English
1,Damnable Pact,,108,Commander 2017,English
1,Dark Impostor,,109,Commander 2017,English
1,Deathbringer Regent,,110,Commander 2017,English
1,Decree of Pain,,111,Commander 2017,English
1,"Drana, Kalastria Bloodchief",,112,Commander 2017,English
1,Falkenrath Noble,,113,Commander 2017,English
2,Go for the Throat,,114,Commander 2017,English
1,Magus of the Abyss,,115,Commander 2017,English
1,Malakir Bloodwitch,,116,Commander 2017,English
1,Necromantic Selection,,117,Commander 2017,English
1,Painful Truths,,118,Commander 2017,English
1,Palace Siege,,119,Commander 2017,English
1,Pawn of Ulamog,,120,Commander 2017,English
1,Puppeteer Clique,,121,Commander 2017,English
1,Read the Bones,,122,Commander 2017,English
1,Sangromancer,,123,Commander 2017,English
1,Sanguine Bond,,124,Commander 2017,English
1,Skeletal Scrying,,125,Commander 2017,English
1,Skeletal Vampire,,126,Commander 2017,English
1,Syphon Mind,,127,Commander 2017,English
1,Underworld Connections,,128,Commander 2017,English
1,Vampire Nighthawk,,129,Commander 2017,English
1,Vein Drinker,,130,Commander 2017,English
1,Chaos Warp,,131,Commander 2017,English
1,Comet Storm,,132,Commander 2017,English
1,Crucible of Fire,,133,Commander 2017,English
1,Dragon Tempest,,134,Commander 2017,English
1,Dragonlord's Servant,,135,Commander 2017,English
1,Dragonspeaker Shaman,,136,Commander 2017,English
1,Earthquake,,137,Commander 2017,English
1,Hellkite Charger,,138,Commander 2017,English
1,Outpost Siege,,139,Commander 2017,English
1,Rakish Heir,,140,Commander 2017,English
1,"Ryusei, the Falling Star",,141,Commander 2017,English
1,Scourge of Valkas,,142,Commander 2017,English
1,Tyrant's Familiar,,143,Commander 2017,English
1,Utvara Hellkite,,144,Commander 2017,English
1,Abundance,,145,Commander 2017,English
1,Crushing Vines,,146,Commander 2017,English
2,Cultivate,,147,Commander 2017,English
1,Elemental Bond,,148,Commander 2017,English
1,Farseek,,149,Commander 2017,English
1,Frontier Siege,,150,Commander 2017,English
1,Harmonize,,151,Commander 2017,English
1,Hunter's Prowess,,152,Commander 2017,English
1,Jedit Ojanen of Efrava,,153,Commander 2017,English
1,Kodama's Reach,,154,Commander 2017,English
1,Nissa's Pilgrimage,,155,Commander 2017,English
1,Rain of Thorns,,156,Commander 2017,English
1,Relic Crush,,157,Commander 2017,English
1,Soul's Majesty,,158,Commander 2017,English
1,Temur Sabertooth,,159,Commander 2017,English
1,Zendikar Resurgent,,160,Commander 2017,English
1,"Atarka, World Render",,161,Commander 2017,English
1,Behemoth Sledge,,162,Commander 2017,English
1,Bladewing the Risen,,163,Commander 2017,English
1,Blood Baron of Vizkopa,,164,Commander 2017,English
1,Broodmate Dragon,,165,Commander 2017,English
1,Cauldron Dance,,166,Commander 2017,English
1,Crackling Doom,,167,Commander 2017,English
1,"Crosis, the Purger",,168,Commander 2017,English
1,Crosis's Charm,,169,Commander 2017,English
1,"Dromoka, the Eternal",,170,Commander 2017,English
1,Etherium-Horn Sorcerer,,171,Commander 2017,English
1,Fleecemane Lion,,172,Commander 2017,English
1,Havengul Lich,,173,Commander 2017,English
1,"Intet, the Dreamer",,174,Commander 2017,English
1,Izzet Chronarch,,175,Commander 2017,English
1,"Kolaghan, the Storm's Fury",,176,Commander 2017,English
1,"Marchesa, the Black Rose",,177,Commander 2017,English
1,Memory Plunder,,178,Commander 2017,English
1,Merciless Eviction,,179,Commander 2017,English
1,Mercurial Chemister,,180,Commander 2017,English
1,Mirari's Wake,,181,Commander 2017,English
1,Mortify,,182,Commander 2017,English
1,"Nin, the Pain Artist",,183,Commander 2017,English
1,"Niv-Mizzet, Dracogenius",,184,Commander 2017,English
1,"Niv-Mizzet, the Firemind",,185,Commander 2017,English
1,Nivix Guildmage,,186,Commander 2017,English
1,"Ojutai, Soul of Winter",,187,Commander 2017,English
1,Phantom Nishoba,,188,Commander 2017,English
1,Qasali Pridemage,,189,Commander 2017,English
1,Rakdos Charm,,190,Commander 2017,English
1,Savage Ventmaw,,191,Commander 2017,English
1,Scion of the Ur-Dragon,foil,192,Commander 2017,English
1,Shadowmage Infiltrator,,193,Commander 2017,English
1,"Silumgar, the Drifting Death",,194,Commander 2017,English
1,Silumgar's Command,,195,Commander 2017,English
1,Spellbound Dragon,,196,Commander 2017,English
1,Stromkirk Captain,,197,Commander 2017,English
1,"Teneb, the Harvester",,198,Commander 2017,English
1,Terminate,,199,Commander 2017,English
1,Tithe Drinker,,200,Commander 2017,English
1,Vela the Night-Clad,,201,Commander 2017,English
1,Argentum Armor,,202,Commander 2017,English
1,Armillary Sphere,,203,Commander 2017,English
1,Blade of the Bloodchief,,204,Commander 2017,English
1,Boros Signet,,205,Commander 2017,English
2,Commander's Sphere,,206,Commander 2017,English
2,Darksteel Ingot,,207,Commander 2017,English
1,Door of Destinies,,208,Commander 2017,English
2,Dreamstone Hedron,,209,Commander 2017,English
1,Fellwar Stone,,210,Commander 2017,English
1,Fist of Suns,,211,Commander 2017,English
1,Grappling Hook,,212,Commander 2017,English
1,Hedron Archive,,213,Commander 2017,English
1,Hero's Blade,,214,Commander 2017,English
2,Lightning Greaves,,215,Commander 2017,English
1,Loxodon Warhammer,,216,Commander 2017,English
1,Nevinyrral's Disk,,217,Commander 2017,English
1,Nihil Spellbomb,,218,Commander 2017,English
1,Orzhov Signet,,219,Commander 2017,English
1,Quietus Spike,,220,Commander 2017,English
1,Rakdos Signet,,221,Commander 2017,English
2,Skullclamp,,222,Commander 2017,English
4,Sol Ring,,223,Commander 2017,English
1,Staff of Nin,,224,Commander 2017,English
1,Steel Hellkite,,225,Commander 2017,English
1,Swiftfoot Boots,,226,Commander 2017,English
1,Sword of the Animist,,227,Commander 2017,English
1,Sword of Vengeance,,228,Commander 2017,English
1,Unstable Obelisk,,229,Commander 2017,English
1,Wayfarer's Bauble,,230,Commander 2017,English
1,Well of Lost Dreams,,231,Commander 2017,English
2,Worn Powerstone,,232,Commander 2017,English
1,Akoum Refuge,,233,Commander 2017,English
1,Arcane Sanctum,,234,Commander 2017,English
1,Blighted Woodland,,235,Commander 2017,English
1,Bloodfell Caves,,236,Commander 2017,English
1,Blossoming Sands,,237,Commander 2017,English
1,Bojuka Bog,,238,Commander 2017,English
1,Boros Garrison,,239,Commander 2017,English
1,Boros Guildgate,,240,Commander 2017,English
1,Cinder Barrens,,241,Commander 2017,English
4,Command Tower,,242,Commander 2017,English
1,Crucible of the Spirit Dragon,,243,Commander 2017,English
2,Crumbling Necropolis,,244,Commander 2017,English
1,Dimir Aqueduct,,245,Commander 2017,English
1,Dismal Backwater,,246,Commander 2017,English
1,Elfhame Palace,,247,Commander 2017,English
3,Evolving Wilds,,248,Commander 2017,English
1,Exotic Orchard,,249,Commander 2017,English
1,Forsaken Sanctuary,,250,Commander 2017,English
1,Frontier Bivouac,,251,Commander 2017,English
1,Grasslands,,252,Commander 2017,English
1,Graypelt Refuge,,253,Commander 2017,English
1,Grixis Panorama,,254,Commander 2017,English
1,Haven of the Spirit Dragon,,255,Commander 2017,English
1,Izzet Boilerworks,,256,Commander 2017,English
1,Jungle Shrine,,257,Commander 2017,English
1,Jwar Isle Refuge,,258,Commander 2017,English
1,Kabira Crossroads,,259,Commander 2017,English
1,Krosan Verge,,260,Commander 2017,English
1,Mosswort Bridge,,261,Commander 2017,English
1,Myriad Landscape,,262,Commander 2017,English
1,Mystic Monastery,,263,Commander 2017,English
1,Mystifying Maze,,264,Commander 2017,English
2,Nomad Outpost,,265,Commander 2017,English
2,Opal Palace,,266,Commander 2017,English
1,Opulent Palace,,267,Commander 2017,English
1,Orzhov Basilica,,268,Commander 2017,English
1,Orzhov Guildgate,,269,Commander 2017,English
2,Rakdos Carnarium,,270,Commander 2017,English
1,Rakdos Guildgate,,271,Commander 2017,English
1,Rogue's Passage,,272,Commander 2017,English
1,Saltcrusted Steppe,,273,Commander 2017,English
1,Sandsteppe Citadel,,274,Commander 2017,English
1,Savage Lands,,275,Commander 2017,English
1,Scoured Barrens,,276,Commander 2017,English
1,Seaside Citadel,,277,Commander 2017,English
1,Secluded Steppe,,278,Commander 2017,English
1,Selesnya Guildgate,,279,Commander 2017,English
1,Selesnya Sanctuary,,280,Commander 2017,English
1,Stirring Wildwood,,281,Commander 2017,English
1,Stone Quarry,,282,Commander 2017,English
1,Swiftwater Cliffs,,283,Commander 2017,English
2,Temple of the False God,,284,Commander 2017,English
3,Terramorphic Expanse,,285,Commander 2017,English
1,Tranquil Expanse,,286,Commander 2017,English
1,Tranquil Thicket,,287,Commander 2017,English
1,Urborg Volcano,,288,Commander 2017,English
2,Vivid Crag,,289,Commander 2017,English
2,Vivid Creek,,290,Commander 2017,English
2,Vivid Grove,,291,Commander 2017,English
2,Vivid Marsh,,292,Commander 2017,English
2,Vivid Meadow,,293,Commander 2017,English
1,Wind-Scarred Crag,,294,Commander 2017,English
5,Plains,,295,Commander 2017,English
5,Plains,,296,Commander 2017,English
3,Plains,,297,Commander 2017,English
5,Island,,298,Commander 2017,English
4,Island,,299,Commander 2017,English
4,Island,,300,Commander 2017,English
6,Swamp,,301,Commander 2017,English
6,Swamp,,302,Commander 2017,English
5,Swamp,,303,Commander 2017,English
6,Mountain,,304,Commander 2017,English
4,Mountain,,305,Commander 2017,English
4,Mountain,,306,Commander 2017,English
4,Forest,,307,Commander 2017,English
3,Forest,,308,Commander 2017,English
2,Forest,,309,Commander 2017,English
1,"Arahbo, Roar of the World",foil,35,Oversized: Commander 2017,English
1,Edgar Markov,foil,36,Oversized: Commander 2017,English
1,"Inalla, Archmage Ritualist",foil,38,Oversized: Commander 2017,English
1,The Ur-Dragon,foil,48,Oversized: Commander 2017,English
3,Cat // Rat,,12,Extras: Commander 2017,English
6,Cat // Cat Warrior,,13,Extras: Commander 2017,English
5,Bat // Vampire,,14,Extras: Commander 2017,English
1,Rat // Cat Warrior,,15,Extras: Commander 2017,English
4,Vampire // Zombie,,16,Extras: Commander 2017,English
1,Vampire // Eldrazi Spawn,,17,Extras: Commander 2017,English
10,Zombie // Gold,,18,Extras: Commander 2017,English
2,Dragon // Cat Dragon,,19,Extras: Commander 2017,English
2,Dragon // Gold,,20,Extras: Commander 2017,English
3,Dragon // Cat Dragon,,21,Extras: Commander 2017,English
2,Dragon // Gold,,22,Extras: Commander 2017,English
1,Cat Dragon // Gold,,23,Extras: Commander 2017,English
