Count,Name,Foil,Card Number,Edition,Language
1,"Gahiji, Honored One",foil,2,Oversized: Commander 2013,English
1,"Marath, Will of the Wild",foil,4,Oversized: Commander 2013,English
1,Mayael the Anima,foil,5,Oversized: Commander 2013,English
1,Archangel,,5,Commander 2013,English
1,Curse of the Forsaken,,8,Commander 2013,English
1,Darksteel Mutation,,9,Commander 2013,English
1,Eternal Dragon,,10,Commander 2013,English
1,Mystic Barrier,,18,Commander 2013,English
1,Wrath of God,,27,Commander 2013,English
1,Crater Hellion,,104,Commander 2013,English
1,Curse of Chaos,,105,Commander 2013,English
1,Fireball,,106,Commander 2013,English
1,From the Ashes,,108,Commander 2013,English
1,Magus of the Arena,,115,Commander 2013,English
1,Slice and Dice,,119,Commander 2013,English
1,Spitebellows,,120,Commander 2013,English
1,Street Spasm,,123,Commander 2013,English
1,Terra Ravager,,126,Commander 2013,English
1,War Cadence,,128,Commander 2013,English
1,Warstorm Surge,,129,Commander 2013,English
1,Where Ancients Tread,,130,Commander 2013,English
1,Witch Hunt,,133,Commander 2013,English
1,Avenger of Zendikar,,135,Commander 2013,English
1,Baloth Woodcrasher,,136,Commander 2013,English
1,Cultivate,,139,Commander 2013,English
1,Curse of Predation,,140,Commander 2013,English
1,Deadwood Treefolk,,141,Commander 2013,English
1,Drumhunter,,142,Commander 2013,English
1,Grazing Gladehart,,147,Commander 2013,English
1,Harmonize,,148,Commander 2013,English
1,Krosan Tusker,,154,Commander 2013,English
1,Krosan Warchief,,155,Commander 2013,English
1,Mold Shambler,,156,Commander 2013,English
1,Naya Soulbeast,,157,Commander 2013,English
1,One Dozen Eyes,,159,Commander 2013,English
1,Rain of Thorns,,163,Commander 2013,English
1,Rampaging Baloths,,164,Commander 2013,English
1,Ravenous Baloth,,165,Commander 2013,English
1,Restore,,167,Commander 2013,English
1,Slice in Twain,,170,Commander 2013,English
1,Spawning Grounds,,171,Commander 2013,English
1,Sprouting Vines,,173,Commander 2013,English
1,Tempt with Discovery,,174,Commander 2013,English
1,Behemoth Sledge,,178,Commander 2013,English
1,Boros Charm,,179,Commander 2013,English
1,Fiery Justice,,188,Commander 2013,English
1,Fires of Yavimaya,,190,Commander 2013,English
1,"Gahiji, Honored One",,191,Commander 2013,English
1,Hull Breach,,193,Commander 2013,English
1,"Marath, Will of the Wild",,198,Commander 2013,English
1,Mayael the Anima,,199,Commander 2013,English
1,Naya Charm,,200,Commander 2013,English
1,Rakeclaw Gargantuan,,205,Commander 2013,English
1,Savage Twister,,208,Commander 2013,English
1,Spellbreaker Behemoth,,216,Commander 2013,English
1,Valley Rannet,,224,Commander 2013,English
1,Druidic Satchel,,242,Commander 2013,English
1,Seer's Sundial,,256,Commander 2013,English
1,Sol Ring,,259,Commander 2013,English
1,Swiftfoot Boots,,263,Commander 2013,English
1,Tower of Fortunes,,268,Commander 2013,English
1,Boros Garrison,,279,Commander 2013,English
1,Boros Guildgate,,280,Commander 2013,English
1,Command Tower,,281,Commander 2013,English
1,Contested Cliffs,,282,Commander 2013,English
1,Drifting Meadow,,285,Commander 2013,English
1,Evolving Wilds,,287,Commander 2013,English
1,Forgotten Cave,,289,Commander 2013,English
1,Gruul Guildgate,,294,Commander 2013,English
1,Homeward Path,,295,Commander 2013,English
1,Jungle Shrine,,299,Commander 2013,English
1,Khalni Garden,,302,Commander 2013,English
1,Mosswort Bridge,,307,Commander 2013,English
1,Naya Panorama,,308,Commander 2013,English
1,New Benalia,,309,Commander 2013,English
1,Opal Palace,,310,Commander 2013,English
1,Rupture Spire,,315,Commander 2013,English
1,Secluded Steppe,,319,Commander 2013,English
1,Selesnya Guildgate,,321,Commander 2013,English
1,Selesnya Sanctuary,,322,Commander 2013,English
1,Slippery Karst,,324,Commander 2013,English
1,Smoldering Crater,,325,Commander 2013,English
1,Temple of the False God,,327,Commander 2013,English
1,Tranquil Thicket,,329,Commander 2013,English
1,"Vitu-Ghazi, the City-Tree",,332,Commander 2013,English
1,Vivid Crag,,333,Commander 2013,English
1,Plains,,337,Commander 2013,English
1,Plains,,338,Commander 2013,English
1,Plains,,339,Commander 2013,English
1,Plains,,340,Commander 2013,English
1,Mountain,,349,Commander 2013,English
1,Mountain,,350,Commander 2013,English
2,Mountain,,351,Commander 2013,English
1,Mountain,,352,Commander 2013,English
2,Forest,,354,Commander 2013,English
2,Forest,,355,Commander 2013,English
4,Forest,,356,Commander 2013,English
