Count,Name,Foil,Card Number,Edition,Language
4,Armored Skaab,,43,Innistrad,English
4,Forbidden Alchemy,,55,Innistrad,English
4,Boneyard Wurm,,171,Innistrad,English
1,Gnaw to the Bone,,183,Innistrad,English
4,Mulch,,196,Innistrad,English
2,Spider Spawning,,203,Innistrad,English
1,Splinterfright,,205,Innistrad,English
1,Hinterland Harbor,,241,Innistrad,English
3,Island,,253,Innistrad,English
2,Island,,254,Innistrad,English
2,Island,,255,Innistrad,English
1,Swamp,,256,Innistrad,English
1,Swamp,,257,Innistrad,English
1,Swamp,,258,Innistrad,English
5,Forest,,262,Innistrad,English
4,Forest,,263,Innistrad,English
4,Forest,,264,Innistrad,English
2,Merfolk Looter,,65,Magic 2012,English
2,Acidic Slime,,161,Magic 2012,English
1,Birds of Paradise,,165,Magic 2012,English
4,Llanowar Elves,,182,Magic 2012,English
1,Green Sun's Zenith,,81,Mirrodin Besieged,English
3,Viridian Emissary,,95,Mirrodin Besieged,English
2,Bonehoard,,100,Mirrodin Besieged,English
1,Ratchet Bomb,,196,Scars of Mirrodin,English
,,,,,
,SIDEBOARD,,,,
2,Gnaw to the Bone,,183,Innistrad,English
3,Naturalize,,197,Innistrad,English
4,Flashfreeze,,52,Magic 2012,English
2,Mind Control,,67,Magic 2012,English
4,Negate,,69,Magic 2012,English
