Count,Name,Foil,Card Number,Edition,Language
1,"Daretti, Scrap Savant",foil,33,Oversized: Commander 2014,English
1,Bitter Feud,,32,Commander 2014,English
1,"Daretti, Scrap Savant",,33,Commander 2014,English
1,Dualcaster Mage,,34,Commander 2014,English
1,Feldon of the Third Path,,35,Commander 2014,English
1,Impact Resonance,,36,Commander 2014,English
1,Incite Rebellion,,37,Commander 2014,English
1,Scrap Mastery,,38,Commander 2014,English
1,Tyrant's Familiar,,39,Commander 2014,English
1,Volcanic Offering,,40,Commander 2014,English
1,Warmonger Hellkite,,41,Commander 2014,English
1,Commander's Sphere,,54,Commander 2014,English
1,Loreseeker's Stone,,56,Commander 2014,English
1,Unstable Obelisk,,58,Commander 2014,English
1,Arcane Lighthouse,,59,Commander 2014,English
1,Flamekin Village,,60,Commander 2014,English
1,Beetleback Chief,,171,Commander 2014,English
1,Blasphemous Act,,172,Commander 2014,English
1,Bogardan Hellkite,,173,Commander 2014,English
1,Chaos Warp,,174,Commander 2014,English
1,Faithless Looting,,175,Commander 2014,English
1,Flametongue Kavu,,176,Commander 2014,English
1,Goblin Welder,,177,Commander 2014,English
1,Hoard-Smelter Dragon,,178,Commander 2014,English
1,Ingot Chewer,,179,Commander 2014,English
1,Magmaquake,,180,Commander 2014,English
1,Spitebellows,,181,Commander 2014,English
1,Starstorm,,182,Commander 2014,English
1,Tuktuk the Explorer,,183,Commander 2014,English
1,Whipflare,,184,Commander 2014,English
1,Word of Seizing,,185,Commander 2014,English
1,"Bosh, Iron Golem",,230,Commander 2014,English
1,Bottle Gnomes,,231,Commander 2014,English
1,Caged Sun,,233,Commander 2014,English
1,Cathodion,,234,Commander 2014,English
1,Dreamstone Hedron,,236,Commander 2014,English
1,Epochrasite,,238,Commander 2014,English
1,Everflowing Chalice,,239,Commander 2014,English
1,Fire Diamond,,240,Commander 2014,English
1,Ichor Wellspring,,241,Commander 2014,English
1,Jalum Tome,,242,Commander 2014,English
1,Junk Diver,,244,Commander 2014,English
1,Liquimetal Coating,,246,Commander 2014,English
1,Mind Stone,,250,Commander 2014,English
1,Mycosynth Wellspring,,253,Commander 2014,English
1,Myr Battlesphere,,254,Commander 2014,English
1,Myr Retriever,,255,Commander 2014,English
1,Myr Sire,,256,Commander 2014,English
1,Palladium Myr,,258,Commander 2014,English
1,Panic Spellbomb,,259,Commander 2014,English
1,Pentavus,,261,Commander 2014,English
1,Pilgrim's Eye,,262,Commander 2014,English
1,Pristine Talisman,,264,Commander 2014,English
1,Ruby Medallion,,265,Commander 2014,English
1,Sol Ring,,270,Commander 2014,English
1,Solemn Simulacrum,,271,Commander 2014,English
1,Spine of Ish Sah,,272,Commander 2014,English
1,Steel Hellkite,,273,Commander 2014,English
1,Swiftfoot Boots,,275,Commander 2014,English
1,Trading Post,,279,Commander 2014,English
1,Wayfarer's Bauble,,281,Commander 2014,English
1,Wurmcoil Engine,,283,Commander 2014,English
1,Buried Ruin,,286,Commander 2014,English
1,Darksteel Citadel,,290,Commander 2014,English
1,Dormant Volcano,,291,Commander 2014,English
1,Forgotten Cave,,296,Commander 2014,English
1,Ghost Quarter,,298,Commander 2014,English
1,Great Furnace,,299,Commander 2014,English
1,Phyrexia's Core,,306,Commander 2014,English
1,Reliquary Tower,,308,Commander 2014,English
1,Smoldering Crater,,312,Commander 2014,English
1,Temple of the False God,,314,Commander 2014,English
8,Mountain,,330,Commander 2014,English
7,Mountain,,331,Commander 2014,English
7,Mountain,,332,Commander 2014,English
7,Mountain,,333,Commander 2014,English
2,Goat // Goblin,,38,Extras: Commander 2014,English
1,Goat // Wurm,,39,Extras: Commander 2014,English
1,Goat // Wurm,,40,Extras: Commander 2014,English
5,Myr // Pentavite,,57,Extras: Commander 2014,English
1,Emblem: Daretti // Tuktuk the Returned,,60,Extras: Commander 2014,English
