Count,Name,Foil,Card Number,Edition,Language
1,"Prossh, Skyraider of Kher",foil,8,Oversized: Commander 2013,English
1,"Sek'Kuar, Deathkeeper",foil,11,Oversized: Commander 2013,English
1,Shattergang Brothers,foil,13,Oversized: Commander 2013,English
1,Curse of Shallow Graves,,71,Commander 2013,English
1,Dirge of Dread,,73,Commander 2013,English
1,Endless Cockroaches,,75,Commander 2013,English
1,"Endrek Sahr, Master Breeder",,76,Commander 2013,English
1,Fell Shepherd,,78,Commander 2013,English
1,Hooded Horror,,80,Commander 2013,English
1,Ophiomancer,,84,Commander 2013,English
1,Quagmire Druid,,90,Commander 2013,English
1,Stronghold Assassin,,93,Commander 2013,English
1,Vile Requiem,,98,Commander 2013,English
1,Viscera Seer,,99,Commander 2013,English
1,Wight of Precinct Six,,100,Commander 2013,English
1,Blood Rites,,101,Commander 2013,English
1,Capricious Efreet,,102,Commander 2013,English
1,Curse of Chaos,,105,Commander 2013,English
1,Furnace Celebration,,109,Commander 2013,English
1,Goblin Bombardment,,110,Commander 2013,English
1,Goblin Sharpshooter,,111,Commander 2013,English
1,Inferno Titan,,114,Commander 2013,English
1,Mass Mutiny,,116,Commander 2013,English
1,Rough // Tumble,,118,Commander 2013,English
1,Stalking Vengeance,,121,Commander 2013,English
1,Sudden Demise,,124,Commander 2013,English
1,Tempt with Vengeance,,125,Commander 2013,English
1,Terra Ravager,,126,Commander 2013,English
1,Tooth and Claw,,127,Commander 2013,English
1,Widespread Panic,,131,Commander 2013,English
1,Brooding Saurian,,138,Commander 2013,English
1,Curse of Predation,,140,Commander 2013,English
1,Elvish Skysweeper,,143,Commander 2013,English
1,Fecundity,,145,Commander 2013,English
1,Foster,,146,Commander 2013,English
1,"Hua Tuo, Honored Physician",,149,Commander 2013,English
1,Hunted Troll,,150,Commander 2013,English
1,Jade Mage,,151,Commander 2013,English
1,Night Soil,,158,Commander 2013,English
1,Primal Vigor,,162,Commander 2013,English
1,Reincarnation,,166,Commander 2013,English
1,Restore,,167,Commander 2013,English
1,Sakura-Tribe Elder,,168,Commander 2013,English
1,Silklash Spider,,169,Commander 2013,English
1,Spoils of Victory,,172,Commander 2013,English
1,Walker of the Grove,,175,Commander 2013,English
1,Charnelhoard Wurm,,180,Commander 2013,English
1,Deathbringer Thoctar,,184,Commander 2013,English
1,Deepfire Elemental,,185,Commander 2013,English
1,Jund Charm,,195,Commander 2013,English
1,"Prossh, Skyraider of Kher",,204,Commander 2013,English
1,Scarland Thrinax,,209,Commander 2013,English
1,"Sek'Kuar, Deathkeeper",,210,Commander 2013,English
1,Shattergang Brothers,,213,Commander 2013,English
1,Sprouting Thrinax,,219,Commander 2013,English
1,Golgari Guildmage,,229,Commander 2013,English
1,Armillary Sphere,,235,Commander 2013,English
1,Carnage Altar,,238,Commander 2013,English
1,Jar of Eyeballs,,244,Commander 2013,English
1,Obelisk of Jund,,252,Commander 2013,English
1,Plague Boiler,,254,Commander 2013,English
1,Sol Ring,,259,Commander 2013,English
1,Spine of Ish Sah,,260,Commander 2013,English
1,Swiftfoot Boots,,263,Commander 2013,English
1,Akoum Refuge,,272,Commander 2013,English
1,Command Tower,,281,Commander 2013,English
1,Evolving Wilds,,287,Commander 2013,English
1,Golgari Guildgate,,290,Commander 2013,English
1,Golgari Rot Farm,,291,Commander 2013,English
1,Grim Backwoods,,292,Commander 2013,English
1,Gruul Guildgate,,294,Commander 2013,English
1,Jund Panorama,,298,Commander 2013,English
1,Kazandu Refuge,,301,Commander 2013,English
1,Khalni Garden,,302,Commander 2013,English
1,Kher Keep,,303,Commander 2013,English
1,Llanowar Reborn,,304,Commander 2013,English
1,Opal Palace,,310,Commander 2013,English
1,Rakdos Guildgate,,314,Commander 2013,English
1,Rupture Spire,,315,Commander 2013,English
1,Savage Lands,,317,Commander 2013,English
1,Temple of the False God,,327,Commander 2013,English
1,Terramorphic Expanse,,328,Commander 2013,English
1,Vivid Grove,,335,Commander 2013,English
1,Swamp,,345,Commander 2013,English
1,Swamp,,346,Commander 2013,English
2,Swamp,,347,Commander 2013,English
2,Swamp,,348,Commander 2013,English
1,Mountain,,349,Commander 2013,English
2,Mountain,,350,Commander 2013,English
2,Mountain,,351,Commander 2013,English
2,Mountain,,352,Commander 2013,English
2,Forest,,354,Commander 2013,English
2,Forest,,355,Commander 2013,English
3,Forest,,356,Commander 2013,English
