Count,Name,Foil,Card Number,Edition,Language
1,Skitter Eel,,53,Ravnica Allegiance,English
1,Guardian Project,,130,Ravnica Allegiance,English
1,Trollbred Guardian,,148,Ravnica Allegiance,English
1,Applied Biomancy,,153,Ravnica Allegiance,English
1,Frilled Mystic,,174,Ravnica Allegiance,English
1,Galloping Lizrog,,175,Ravnica Allegiance,English
1,Simic Ascendancy,,207,Ravnica Allegiance,English
2,Simic Guildgate,,257,Ravnica Allegiance,English
2,Simic Guildgate,,258,Ravnica Allegiance,English
1,"Zegana, Utopian Speaker",foil,107,Ravnica Allegiance Guild Kit,English
2,Cloudfin Raptor,,108,Ravnica Allegiance Guild Kit,English
2,Rapid Hybridization,,109,Ravnica Allegiance Guild Kit,English
1,Cytoplast Root-Kin,,110,Ravnica Allegiance Guild Kit,English
1,Experiment One,,111,Ravnica Allegiance Guild Kit,English
1,Gyre Sage,,112,Ravnica Allegiance Guild Kit,English
1,Miming Slime,,113,Ravnica Allegiance Guild Kit,English
1,Vinelasher Kudzu,,114,Ravnica Allegiance Guild Kit,English
2,Coiling Oracle,,115,Ravnica Allegiance Guild Kit,English
1,Elusive Krasis,,116,Ravnica Allegiance Guild Kit,English
1,Experiment Kraj,,117,Ravnica Allegiance Guild Kit,English
1,Fathom Mage,,118,Ravnica Allegiance Guild Kit,English
1,"Momir Vig, Simic Visionary",,119,Ravnica Allegiance Guild Kit,English
1,Nimbus Swimmer,,120,Ravnica Allegiance Guild Kit,English
1,Omnibian,,121,Ravnica Allegiance Guild Kit,English
1,Plaxcaster Frogling,,122,Ravnica Allegiance Guild Kit,English
1,Progenitor Mimic,,123,Ravnica Allegiance Guild Kit,English
1,Simic Sky Swallower,,124,Ravnica Allegiance Guild Kit,English
1,Trygon Predator,,125,Ravnica Allegiance Guild Kit,English
1,Urban Evolution,,126,Ravnica Allegiance Guild Kit,English
1,Voidslime,,127,Ravnica Allegiance Guild Kit,English
1,Vorel of the Hull Clade,,128,Ravnica Allegiance Guild Kit,English
2,Zameck Guildmage,,129,Ravnica Allegiance Guild Kit,English
2,Simic Signet,,130,Ravnica Allegiance Guild Kit,English
4,Simic Growth Chamber,,131,Ravnica Allegiance Guild Kit,English
8,Island,,132,Ravnica Allegiance Guild Kit,English
8,Forest,,133,Ravnica Allegiance Guild Kit,English
5,Ooze // Frog Lizard,,8,Extras: Ravnica Allegiance Guild Kit,English
