Count,Name,Foil,Card Number,Edition,Language
1,Bastion Protector,,1,Commander 2015,English
1,Dawnbreak Reclaimer,,2,Commander 2015,English
1,Grasp of Fate,,3,Commander 2015,English
2,Herald of the Host,,4,Commander 2015,English
1,Kalemne's Captain,,5,Commander 2015,English
2,Oreskos Explorer,,6,Commander 2015,English
1,Righteous Confluence,,7,Commander 2015,English
1,Shielded by Faith,,8,Commander 2015,English
1,Aethersnatch,,9,Commander 2015,English
2,Broodbirth Viper,,10,Commander 2015,English
1,Gigantoplasm,,11,Commander 2015,English
2,Illusory Ambusher,,12,Commander 2015,English
2,Mirror Match,,13,Commander 2015,English
1,Mystic Confluence,,14,Commander 2015,English
1,Synthetic Destiny,,15,Commander 2015,English
2,Banshee of the Dread Choir,,16,Commander 2015,English
2,Corpse Augur,,17,Commander 2015,English
1,Daxos's Torment,,18,Commander 2015,English
1,Deadly Tempest,,19,Commander 2015,English
1,Dread Summons,,20,Commander 2015,English
1,Scourge of Nel Toth,,21,Commander 2015,English
2,Thief of Blood,,22,Commander 2015,English
1,Wretched Confluence,,23,Commander 2015,English
1,Awaken the Sky Tyrant,,24,Commander 2015,English
1,Dream Pillager,,25,Commander 2015,English
1,Fiery Confluence,,26,Commander 2015,English
1,Magus of the Wheel,,27,Commander 2015,English
2,Meteor Blast,,28,Commander 2015,English
1,Mizzix's Mastery,,29,Commander 2015,English
2,Rite of the Raging Storm,,30,Commander 2015,English
2,Warchief Giant,,31,Commander 2015,English
1,Arachnogenesis,,32,Commander 2015,English
1,Bloodspore Thrinax,,33,Commander 2015,English
2,Caller of the Pack,,34,Commander 2015,English
1,Centaur Vinecrasher,,35,Commander 2015,English
1,Ezuri's Predation,,36,Commander 2015,English
2,Great Oak Guardian,,37,Commander 2015,English
1,Pathbreaker Ibex,,38,Commander 2015,English
2,Skullwinder,,39,Commander 2015,English
1,Verdant Confluence,,40,Commander 2015,English
1,"Anya, Merciless Angel",,41,Commander 2015,English
1,"Arjun, the Shifting Flame",,42,Commander 2015,English
1,Daxos the Returned,,43,Commander 2015,English
1,"Ezuri, Claw of Progress",,44,Commander 2015,English
1,"Kalemne, Disciple of Iroas",,45,Commander 2015,English
1,Karlov of the Ghost Council,,46,Commander 2015,English
1,"Kaseto, Orochi Archmage",,47,Commander 2015,English
1,"Mazirek, Kraul Death Priest",,48,Commander 2015,English
1,Meren of Clan Nel Toth,,49,Commander 2015,English
1,Mizzix of the Izmagnus,,50,Commander 2015,English
1,Blade of Selves,,51,Commander 2015,English
2,Sandstone Oracle,,52,Commander 2015,English
1,Scytheclaw,,53,Commander 2015,English
1,Seal of the Guildpact,,54,Commander 2015,English
5,Thought Vessel,,55,Commander 2015,English
1,Command Beacon,,56,Commander 2015,English
1,Ajani's Chosen,,57,Commander 2015,English
1,Angel of Serenity,,58,Commander 2015,English
1,Arbiter of Knollridge,,59,Commander 2015,English
1,Aura of Silence,,60,Commander 2015,English
2,Banishing Light,,61,Commander 2015,English
1,Cage of Hands,,62,Commander 2015,English
1,Celestial Ancient,,63,Commander 2015,English
1,Celestial Archon,,64,Commander 2015,English
1,Crib Swap,,65,Commander 2015,English
1,Dawn to Dusk,,66,Commander 2015,English
2,Dawnglare Invoker,,67,Commander 2015,English
1,Dictate of Heliod,,68,Commander 2015,English
1,Faith's Fetters,,69,Commander 2015,English
1,Ghostblade Eidolon,,70,Commander 2015,English
1,"Jareth, Leonine Titan",,71,Commander 2015,English
1,Karmic Justice,,72,Commander 2015,English
1,Kor Sanctifiers,,73,Commander 2015,English
1,Marshal's Anthem,,74,Commander 2015,English
1,Mesa Enchantress,,75,Commander 2015,English
1,Monk Idealist,,76,Commander 2015,English
1,Open the Vaults,,77,Commander 2015,English
1,Orim's Thunder,,78,Commander 2015,English
1,Seal of Cleansing,,79,Commander 2015,English
1,Sigil of the Empty Throne,,80,Commander 2015,English
1,Silent Sentinel,,81,Commander 2015,English
1,Sun Titan,,82,Commander 2015,English
1,Victory's Herald,,83,Commander 2015,English
1,Vow of Duty,,84,Commander 2015,English
1,Aetherize,,85,Commander 2015,English
1,Bident of Thassa,,86,Commander 2015,English
1,Blatant Thievery,,87,Commander 2015,English
1,Blue Sun's Zenith,,88,Commander 2015,English
1,Blustersquall,,89,Commander 2015,English
1,Brainstorm,,90,Commander 2015,English
1,Day of the Dragons,,91,Commander 2015,English
1,Dominate,,92,Commander 2015,English
1,Echoing Truth,,93,Commander 2015,English
1,Fact or Fiction,,94,Commander 2015,English
1,Jace's Archivist,,95,Commander 2015,English
1,Lone Revenant,,96,Commander 2015,English
1,Mulldrifter,,97,Commander 2015,English
1,Mystic Retrieval,,98,Commander 2015,English
1,Ninja of the Deep Hours,,99,Commander 2015,English
1,Plaxmanta,,100,Commander 2015,English
1,Preordain,,101,Commander 2015,English
1,Rapid Hybridization,,102,Commander 2015,English
1,Reins of Power,,103,Commander 2015,English
1,Repeal,,104,Commander 2015,English
1,Rite of Replication,,105,Commander 2015,English
1,Sleep,,106,Commander 2015,English
1,Stolen Goods,,107,Commander 2015,English
1,Stroke of Genius,,108,Commander 2015,English
1,"Talrand, Sky Summoner",,109,Commander 2015,English
1,Thought Reflection,,110,Commander 2015,English
1,Windfall,,111,Commander 2015,English
1,Altar's Reap,,112,Commander 2015,English
1,Ambition's Cost,,113,Commander 2015,English
1,Ancient Craving,,114,Commander 2015,English
1,Barter in Blood,,115,Commander 2015,English
1,Black Market,,116,Commander 2015,English
1,Blood Bairn,,117,Commander 2015,English
1,Butcher of Malakir,,118,Commander 2015,English
1,Champion of Stray Souls,,119,Commander 2015,English
1,Diabolic Servitude,,120,Commander 2015,English
1,Doomwake Giant,,121,Commander 2015,English
1,Dreadbringer Lampads,,122,Commander 2015,English
1,Eater of Hope,,123,Commander 2015,English
1,Extractor Demon,,124,Commander 2015,English
1,Fallen Ideal,,125,Commander 2015,English
1,Fate Unraveler,,126,Commander 2015,English
1,Gild,,127,Commander 2015,English
1,Grave Peril,,128,Commander 2015,English
1,Nighthowler,,129,Commander 2015,English
1,Phyrexian Arena,,130,Commander 2015,English
1,Phyrexian Plaguelord,,131,Commander 2015,English
1,Phyrexian Rager,,132,Commander 2015,English
1,Phyrexian Reclamation,,133,Commander 2015,English
1,Rise from the Grave,,134,Commander 2015,English
1,Seal of Doom,,135,Commander 2015,English
1,Sever the Bloodline,,136,Commander 2015,English
1,Shriekmaw,,137,Commander 2015,English
1,Underworld Connections,,138,Commander 2015,English
1,Victimize,,139,Commander 2015,English
1,Vow of Malice,,140,Commander 2015,English
1,Act of Aggression,,141,Commander 2015,English
1,Borderland Behemoth,,142,Commander 2015,English
1,Breath of Darigaaz,,143,Commander 2015,English
1,Chain Reaction,,144,Commander 2015,English
1,Charmbreaker Devils,,145,Commander 2015,English
1,Comet Storm,,146,Commander 2015,English
1,Curse of the Nightly Hunt,,147,Commander 2015,English
1,Desolation Giant,,148,Commander 2015,English
1,Desperate Ravings,,149,Commander 2015,English
1,Disaster Radius,,150,Commander 2015,English
1,Dragon Mage,,151,Commander 2015,English
1,Earthquake,,152,Commander 2015,English
1,Faithless Looting,,153,Commander 2015,English
1,Fall of the Hammer,,154,Commander 2015,English
1,Fumiko the Lowblood,,155,Commander 2015,English
1,Hamletback Goliath,,156,Commander 2015,English
1,Hammerfist Giant,,157,Commander 2015,English
1,Hostility,,158,Commander 2015,English
1,Hunted Dragon,,159,Commander 2015,English
1,Inferno Titan,,160,Commander 2015,English
1,Magma Giant,,161,Commander 2015,English
1,Magmaquake,,162,Commander 2015,English
1,Mizzium Mortars,,163,Commander 2015,English
1,Stinkdrinker Daredevil,,164,Commander 2015,English
1,Stoneshock Giant,,165,Commander 2015,English
1,Sunrise Sovereign,,166,Commander 2015,English
1,Taurean Mauler,,167,Commander 2015,English
1,Thundercloud Shaman,,168,Commander 2015,English
1,Urza's Rage,,169,Commander 2015,English
1,Vandalblast,,170,Commander 2015,English
1,Warstorm Surge,,171,Commander 2015,English
1,Word of Seizing,,172,Commander 2015,English
1,Acidic Slime,,173,Commander 2015,English
1,Arbor Colossus,,174,Commander 2015,English
1,Bane of Progress,,175,Commander 2015,English
1,Beastmaster Ascension,,176,Commander 2015,English
1,Caller of the Claw,,177,Commander 2015,English
1,Chameleon Colossus,,178,Commander 2015,English
1,Cloudthresher,,179,Commander 2015,English
1,Cobra Trap,,180,Commander 2015,English
1,Desert Twister,,181,Commander 2015,English
1,Elvish Visionary,,182,Commander 2015,English
2,Eternal Witness,,183,Commander 2015,English
1,Experiment One,,184,Commander 2015,English
1,Forgotten Ancient,,185,Commander 2015,English
1,Indrik Stomphowler,,186,Commander 2015,English
1,Kessig Cagebreakers,,187,Commander 2015,English
1,Kodama's Reach,,188,Commander 2015,English
1,Krosan Grip,,189,Commander 2015,English
1,Loaming Shaman,,190,Commander 2015,English
1,Mulch,,191,Commander 2015,English
1,Mycoloth,,192,Commander 2015,English
1,Noble Quarry,,193,Commander 2015,English
1,Ohran Viper,,194,Commander 2015,English
1,Overrun,,195,Commander 2015,English
1,Overwhelming Stampede,,196,Commander 2015,English
1,Patagia Viper,,197,Commander 2015,English
1,Primal Growth,,198,Commander 2015,English
1,Rampant Growth,,199,Commander 2015,English
2,Sakura-Tribe Elder,,200,Commander 2015,English
1,Satyr Wayfinder,,201,Commander 2015,English
1,Spider Spawning,,202,Commander 2015,English
1,Stingerfling Spider,,203,Commander 2015,English
1,Terastodon,,204,Commander 2015,English
1,Thelonite Hermit,,205,Commander 2015,English
1,Tribute to the Wild,,206,Commander 2015,English
1,Verdant Force,,207,Commander 2015,English
1,Viridian Emissary,,208,Commander 2015,English
1,Viridian Shaman,,209,Commander 2015,English
1,Viridian Zealot,,210,Commander 2015,English
1,Wall of Blossoms,,211,Commander 2015,English
1,Wood Elves,,212,Commander 2015,English
1,Coiling Oracle,,213,Commander 2015,English
1,Counterflux,,214,Commander 2015,English
1,Death Grasp,,215,Commander 2015,English
1,Epic Experiment,,216,Commander 2015,English
1,Etherium-Horn Sorcerer,,217,Commander 2015,English
1,Firemind's Foresight,,218,Commander 2015,English
1,"Gisela, Blade of Goldnight",,219,Commander 2015,English
1,Goblin Electromancer,,220,Commander 2015,English
1,Golgari Charm,,221,Commander 2015,English
1,Grisly Salvage,,222,Commander 2015,English
1,"Jarad, Golgari Lich Lord",,223,Commander 2015,English
1,Korozda Guildmage,,224,Commander 2015,English
1,Lorescale Coatl,,225,Commander 2015,English
1,Lotleth Troll,,226,Commander 2015,English
1,"Melek, Izzet Paragon",,227,Commander 2015,English
1,Mystic Snake,,228,Commander 2015,English
1,Necromancer's Covenant,,229,Commander 2015,English
1,Prime Speaker Zegana,,230,Commander 2015,English
1,Prophetic Bolt,,231,Commander 2015,English
1,Putrefy,,232,Commander 2015,English
1,Steam Augury,,233,Commander 2015,English
1,"Teysa, Envoy of Ghosts",,234,Commander 2015,English
1,Treasury Thrull,,235,Commander 2015,English
1,Trygon Predator,,236,Commander 2015,English
1,Underworld Coinsmith,,237,Commander 2015,English
1,Vulturous Zombie,,238,Commander 2015,English
1,Biomantic Mastery,,239,Commander 2015,English
1,Call the Skybreaker,,240,Commander 2015,English
1,Cold-Eyed Selkie,,241,Commander 2015,English
1,Snakeform,,242,Commander 2015,English
1,Wistful Selkie,,243,Commander 2015,English
1,Basalt Monolith,,244,Commander 2015,English
1,Bonehoard,,245,Commander 2015,English
1,Boros Cluestone,,246,Commander 2015,English
1,Boros Signet,,247,Commander 2015,English
1,Burnished Hart,,248,Commander 2015,English
1,Coldsteel Heart,,249,Commander 2015,English
1,Crystal Chimes,,250,Commander 2015,English
1,Darksteel Ingot,,251,Commander 2015,English
1,Dreamstone Hedron,,252,Commander 2015,English
1,Eldrazi Monument,,253,Commander 2015,English
1,Fellwar Stone,,254,Commander 2015,English
1,Golgari Signet,,255,Commander 2015,English
1,Izzet Signet,,256,Commander 2015,English
3,Lightning Greaves,,257,Commander 2015,English
1,Loxodon Warhammer,,258,Commander 2015,English
1,Mind Stone,,259,Commander 2015,English
1,Orochi Hatchery,,260,Commander 2015,English
1,Orzhov Cluestone,,261,Commander 2015,English
1,Orzhov Signet,,262,Commander 2015,English
1,Psychosis Crawler,,263,Commander 2015,English
1,Seer's Sundial,,264,Commander 2015,English
1,Simic Keyrune,,265,Commander 2015,English
1,Simic Signet,,266,Commander 2015,English
1,Skullclamp,,267,Commander 2015,English
5,Sol Ring,,268,Commander 2015,English
1,Solemn Simulacrum,,269,Commander 2015,English
1,Staff of Nin,,270,Commander 2015,English
1,Swiftfoot Boots,,271,Commander 2015,English
1,Sword of Vengeance,,272,Commander 2015,English
1,Urza's Incubator,,273,Commander 2015,English
1,Wayfarer's Bauble,,274,Commander 2015,English
2,Worn Powerstone,,275,Commander 2015,English
1,Ancient Amphitheater,,276,Commander 2015,English
1,Barren Moor,,277,Commander 2015,English
1,Blasted Landscape,,278,Commander 2015,English
1,Boros Garrison,,279,Commander 2015,English
1,Boros Guildgate,,280,Commander 2015,English
5,Command Tower,,281,Commander 2015,English
1,Drifting Meadow,,282,Commander 2015,English
5,Evolving Wilds,,283,Commander 2015,English
1,Forgotten Cave,,284,Commander 2015,English
1,Ghost Quarter,,285,Commander 2015,English
1,Golgari Guildgate,,286,Commander 2015,English
1,Golgari Rot Farm,,287,Commander 2015,English
1,Grim Backwoods,,288,Commander 2015,English
2,High Market,,289,Commander 2015,English
1,Izzet Boilerworks,,290,Commander 2015,English
1,Izzet Guildgate,,291,Commander 2015,English
1,Jungle Hollow,,292,Commander 2015,English
1,Llanowar Reborn,,293,Commander 2015,English
1,Mosswort Bridge,,294,Commander 2015,English
1,New Benalia,,295,Commander 2015,English
1,"Novijen, Heart of Progress",,296,Commander 2015,English
1,"Oran-Rief, the Vastwood",,297,Commander 2015,English
1,Orzhov Basilica,,298,Commander 2015,English
1,Orzhov Guildgate,,299,Commander 2015,English
1,Polluted Mire,,300,Commander 2015,English
2,Reliquary Tower,,301,Commander 2015,English
2,Rogue's Passage,,302,Commander 2015,English
1,Scoured Barrens,,303,Commander 2015,English
2,Secluded Steppe,,304,Commander 2015,English
1,Simic Growth Chamber,,305,Commander 2015,English
1,Simic Guildgate,,306,Commander 2015,English
1,Slippery Karst,,307,Commander 2015,English
1,Smoldering Crater,,308,Commander 2015,English
1,Spinerock Knoll,,309,Commander 2015,English
1,Swiftwater Cliffs,,310,Commander 2015,English
1,Tainted Field,,311,Commander 2015,English
1,Tainted Wood,,312,Commander 2015,English
2,Temple of the False God,,313,Commander 2015,English
5,Terramorphic Expanse,,314,Commander 2015,English
1,Thornwood Falls,,315,Commander 2015,English
2,Vivid Crag,,316,Commander 2015,English
2,Vivid Creek,,317,Commander 2015,English
2,Vivid Grove,,318,Commander 2015,English
2,Vivid Marsh,,319,Commander 2015,English
2,Vivid Meadow,,320,Commander 2015,English
1,Wind-Scarred Crag,,321,Commander 2015,English
1,Zoetic Cavern,,322,Commander 2015,English
6,Plains,,323,Commander 2015,English
6,Plains,,324,Commander 2015,English
5,Plains,,325,Commander 2015,English
5,Plains,,326,Commander 2015,English
7,Island,,327,Commander 2015,English
6,Island,,328,Commander 2015,English
6,Island,,329,Commander 2015,English
6,Island,,330,Commander 2015,English
7,Swamp,,331,Commander 2015,English
7,Swamp,,332,Commander 2015,English
6,Swamp,,333,Commander 2015,English
6,Swamp,,334,Commander 2015,English
7,Mountain,,335,Commander 2015,English
7,Mountain,,336,Commander 2015,English
7,Mountain,,337,Commander 2015,English
6,Mountain,,338,Commander 2015,English
7,Forest,,339,Commander 2015,English
7,Forest,,340,Commander 2015,English
6,Forest,,341,Commander 2015,English
6,Forest,,342,Commander 2015,English
1,Daxos the Returned,foil,43,Oversized: Commander 2015,English
1,"Ezuri, Claw of Progress",foil,44,Oversized: Commander 2015,English
1,"Kalemne, Disciple of Iroas",foil,45,Oversized: Commander 2015,English
1,Meren of Clan Nel Toth,foil,49,Oversized: Commander 2015,English
1,Mizzix of the Izmagnus,foil,50,Oversized: Commander 2015,English
1,Shapeshifter,,1,Extras: Commander 2015,English
1,Dragon,,9,Extras: Commander 2015,English
2,Lightning Rager,,11,Extras: Commander 2015,English
5,Experience,,25,Extras: Commander 2015,English
1,Angel // Knight,,26,Extras: Commander 2015,English
1,Angel // Spirit,,27,Extras: Commander 2015,English
2,Cat // Zombie,,28,Extras: Commander 2015,English
1,Cat // Spirit,,29,Extras: Commander 2015,English
1,Knight // Spirit,,30,Extras: Commander 2015,English
7,Drake // Elemental,,31,Extras: Commander 2015,English
1,Germ // Zombie,,32,Extras: Commander 2015,English
1,Germ // Frog Lizard,,33,Extras: Commander 2015,English
1,Zombie // Wolf,,34,Extras: Commander 2015,English
1,Elemental Shaman // Shapeshifter,,35,Extras: Commander 2015,English
6,Elemental Shaman // Knight,,36,Extras: Commander 2015,English
1,Zombie // Elephant,,37,Extras: Commander 2015,English
2,Elephant // Saproling,,38,Extras: Commander 2015,English
2,Saproling // Snake,,39,Extras: Commander 2015,English
2,Saproling // Snake,,40,Extras: Commander 2015,English
2,Snake // Beast,,41,Extras: Commander 2015,English
1,Spider // Dragon,,42,Extras: Commander 2015,English
1,Spider // Bear,,43,Extras: Commander 2015,English
2,Saproling // Spider,,44,Extras: Commander 2015,English
2,Spider // Wolf,,45,Extras: Commander 2015,English
2,Spirit // Zombie,,46,Extras: Commander 2015,English
1,Gold // Knight,,47,Extras: Commander 2015,English
