Count,Name,Foil,Card Number,Edition,Language
2,Augury Owl,,14,Planechase 2012,English
1,Cancel,,15,Planechase 2012,English
1,Concentrate,,16,Planechase 2012,English
1,"Higure, the Still Wind",,18,Planechase 2012,English
1,Mistblade Shinobi,,20,Planechase 2012,English
2,Ninja of the Deep Hours,,21,Planechase 2012,English
1,Sakashima's Student,,24,Planechase 2012,English
1,Walker of Secret Ways,,27,Planechase 2012,English
1,Wall of Frost,,28,Planechase 2012,English
2,Assassinate,,30,Planechase 2012,English
1,Cadaver Imp,,31,Planechase 2012,English
1,Dark Hatchling,,32,Planechase 2012,English
1,"Ink-Eyes, Servant of Oni",,33,Planechase 2012,English
1,Liliana's Specter,,34,Planechase 2012,English
1,Okiba-Gang Shinobi,,35,Planechase 2012,English
1,Skullsnatcher,,36,Planechase 2012,English
1,Throat Slitter,,37,Planechase 2012,English
2,Tormented Soul,,38,Planechase 2012,English
2,Baleful Strix,,82,Planechase 2012,English
2,Dimir Infiltrator,,86,Planechase 2012,English
1,Glen Elendra Liege,,94,Planechase 2012,English
1,Inkfathom Witch,,97,Planechase 2012,English
1,Silent-Blade Oni,,105,Planechase 2012,English
1,Vela the Night-Clad,,107,Planechase 2012,English
1,Farsight Mask,,109,Planechase 2012,English
1,Fractured Powerstone,,111,Planechase 2012,English
1,Quietus Spike,,112,Planechase 2012,English
2,Sai of the Shinobi,,113,Planechase 2012,English
1,Whispersilk Cloak,,115,Planechase 2012,English
2,Dimir Aqueduct,,116,Planechase 2012,English
2,Jwar Isle Refuge,,120,Planechase 2012,English
1,Tainted Isle,,128,Planechase 2012,English
1,Terramorphic Expanse,,129,Planechase 2012,English
3,Island,,138,Planechase 2012,English
2,Island,,139,Planechase 2012,English
2,Island,,140,Planechase 2012,English
2,Island,,141,Planechase 2012,English
3,Swamp,,143,Planechase 2012,English
2,Swamp,,144,Planechase 2012,English
2,Swamp,,145,Planechase 2012,English
2,Swamp,,146,Planechase 2012,English
,,,,,
1,Interplanar Tunnel,,2,Planechase 2012,English
1,Morphic Tide,,3,Planechase 2012,English
1,Bloodhill Bastion,,12,Planechase 2012,English
1,Gavony,,15,Planechase 2012,English
1,Glen Elendra,,16,Planechase 2012,English
1,Kharasha Foothills,,22,Planechase 2012,English
1,Norn�s Dominion,,27,Planechase 2012,English
1,Quicksilver Sea,,32,Planechase 2012,English
1,Takenuma,,25,Planechase 2012,English
1,The Zephyr Maze,,40,Planechase 2012,English
