Count,Name,Foil,Card Number,Edition,Language
1,Boreas Charger,,1,Commander 2018,English
1,Empyrial Storm,,2,Commander 2018,English
1,Heavenly Blademaster,,3,Commander 2018,English
2,Loyal Unicorn,,4,Commander 2018,English
1,Magus of the Balance,,5,Commander 2018,English
1,Aminatou's Augury,,6,Commander 2018,English
1,Echo Storm,,7,Commander 2018,English
1,Estrid's Invocation,,8,Commander 2018,English
1,Ever-Watching Threshold,,9,Commander 2018,English
2,Loyal Drake,,10,Commander 2018,English
1,Octopus Umbra,,11,Commander 2018,English
1,Primordial Mist,,12,Commander 2018,English
1,Vedalken Humiliator,,13,Commander 2018,English
1,Bloodtracker,,14,Commander 2018,English
1,Entreat the Dead,,15,Commander 2018,English
2,Loyal Subordinate,,16,Commander 2018,English
1,Night Incarnate,,17,Commander 2018,English
1,Skull Storm,,18,Commander 2018,English
1,Sower of Discord,,19,Commander 2018,English
1,Emissary of Grudges,,20,Commander 2018,English
1,Enchanter's Bane,,21,Commander 2018,English
1,Fury Storm,,22,Commander 2018,English
2,Loyal Apprentice,,23,Commander 2018,English
1,Nesting Dragon,,24,Commander 2018,English
1,Reality Scramble,,25,Commander 2018,English
1,Saheeli's Directive,,26,Commander 2018,English
1,Treasure Nabber,,27,Commander 2018,English
1,"Varchild, Betrayer of Kjeldor",,28,Commander 2018,English
1,Crash of Rhino Beetles,,29,Commander 2018,English
1,Genesis Storm,,30,Commander 2018,English
2,Loyal Guardian,,31,Commander 2018,English
1,Myth Unbound,,32,Commander 2018,English
1,Nylea's Colossus,,33,Commander 2018,English
1,Ravenous Slime,,34,Commander 2018,English
1,Turntimber Sower,,35,Commander 2018,English
1,Whiptongue Hydra,,36,Commander 2018,English
1,"Aminatou, the Fateshifter",foil,37,Commander 2018,English
1,"Arixmethes, Slumbering Isle",,38,Commander 2018,English
1,"Brudiclad, Telchor Engineer",foil,39,Commander 2018,English
1,"Estrid, the Masked",foil,40,Commander 2018,English
1,"Gyrus, Waker of Corpses",foil,41,Commander 2018,English
1,"Kestia, the Cultivator",foil,42,Commander 2018,English
1,Lord Windgrace,foil,43,Commander 2018,English
1,"Saheeli, the Gifted",foil,44,Commander 2018,English
1,"Tawnos, Urza's Apprentice",foil,45,Commander 2018,English
1,"Thantis, the Warweaver",foil,46,Commander 2018,English
1,Tuvasa the Sunlit,foil,47,Commander 2018,English
1,"Varina, Lich Queen",foil,48,Commander 2018,English
1,Windgrace's Judgment,,49,Commander 2018,English
1,"Xantcha, Sleeper Agent",,50,Commander 2018,English
1,"Yennett, Cryptic Sovereign",foil,51,Commander 2018,English
1,"Yuriko, the Tiger's Shadow",,52,Commander 2018,English
1,Ancient Stone Idol,,53,Commander 2018,English
1,Coveted Jewel,,54,Commander 2018,English
1,Endless Atlas,,55,Commander 2018,English
2,Geode Golem,,56,Commander 2018,English
1,Retrofitter Foundry,,57,Commander 2018,English
4,Forge of Heroes,,58,Commander 2018,English
1,Isolated Watchtower,,59,Commander 2018,English
1,Adarkar Valkyrie,,60,Commander 2018,English
1,Ajani's Chosen,,61,Commander 2018,English
1,Akroma's Vengeance,,62,Commander 2018,English
1,Banishing Stroke,,63,Commander 2018,English
1,Celestial Archon,,64,Commander 2018,English
1,Crib Swap,,65,Commander 2018,English
1,Dismantling Blow,,66,Commander 2018,English
1,Entreat the Angels,,67,Commander 2018,English
1,Lightform,,68,Commander 2018,English
1,Martial Coup,,69,Commander 2018,English
1,Phyrexian Rebirth,,70,Commander 2018,English
1,Return to Dust,,71,Commander 2018,English
1,Sage's Reverie,,72,Commander 2018,English
1,Serra Avatar,,73,Commander 2018,English
1,Sigil of the Empty Throne,,74,Commander 2018,English
1,Silent Sentinel,,75,Commander 2018,English
1,Soul Snare,,76,Commander 2018,English
1,Terminus,,77,Commander 2018,English
1,Unquestioned Authority,,78,Commander 2018,English
1,Winds of Rath,,79,Commander 2018,English
1,Aether Gale,,80,Commander 2018,English
1,Archetype of Imagination,,81,Commander 2018,English
1,Brainstorm,,82,Commander 2018,English
1,Cloudform,,83,Commander 2018,English
1,Conundrum Sphinx,,84,Commander 2018,English
1,Devastation Tide,,85,Commander 2018,English
1,Dictate of Kruphix,,86,Commander 2018,English
1,Djinn of Wishes,,87,Commander 2018,English
1,Dream Cache,,88,Commander 2018,English
1,Eel Umbra,,89,Commander 2018,English
1,Etherium Sculptor,,90,Commander 2018,English
1,Inkwell Leviathan,,91,Commander 2018,English
1,Into the Roil,,92,Commander 2018,English
1,Jeskai Infiltrator,,93,Commander 2018,English
1,Mulldrifter,,94,Commander 2018,English
1,Ninja of the Deep Hours,,95,Commander 2018,English
1,Ponder,,96,Commander 2018,English
1,Portent,,97,Commander 2018,English
1,Predict,,98,Commander 2018,English
1,Reverse Engineer,,99,Commander 2018,English
1,Saheeli's Artistry,,100,Commander 2018,English
1,Sharding Sphinx,,101,Commander 2018,English
1,Sigiled Starfish,,102,Commander 2018,English
1,Sphinx of Jwar Isle,,103,Commander 2018,English
1,Sphinx of Uthuun,,104,Commander 2018,English
1,Telling Time,,105,Commander 2018,English
1,Thirst for Knowledge,,106,Commander 2018,English
1,Thopter Spy Network,,107,Commander 2018,English
1,Tidings,,108,Commander 2018,English
1,Treasure Hunt,,109,Commander 2018,English
1,Vow of Flight,,110,Commander 2018,English
1,Whirler Rogue,,111,Commander 2018,English
1,Whitewater Naiads,,112,Commander 2018,English
1,Army of the Damned,,113,Commander 2018,English
1,Moonlight Bargain,,114,Commander 2018,English
1,Phyrexian Delver,,115,Commander 2018,English
1,Retreat to Hagra,,116,Commander 2018,English
1,Ruinous Path,,117,Commander 2018,English
1,Soul of Innistrad,,118,Commander 2018,English
1,Stitch Together,,119,Commander 2018,English
1,Blasphemous Act,,120,Commander 2018,English
1,Chain Reaction,,121,Commander 2018,English
1,Chaos Warp,,122,Commander 2018,English
1,Flameblast Dragon,,123,Commander 2018,English
1,Hellkite Igniter,,124,Commander 2018,English
1,Magmaquake,,125,Commander 2018,English
1,Thopter Engineer,,126,Commander 2018,English
1,Acidic Slime,,127,Commander 2018,English
1,Aura Gnarlid,,128,Commander 2018,English
1,Avenger of Zendikar,,129,Commander 2018,English
1,Baloth Woodcrasher,,130,Commander 2018,English
1,Bear Umbra,,131,Commander 2018,English
1,Boon Satyr,,132,Commander 2018,English
1,Borderland Explorer,,133,Commander 2018,English
1,Budoka Gardener,,134,Commander 2018,English
1,Centaur Vinecrasher,,135,Commander 2018,English
1,Consign to Dust,,136,Commander 2018,English
1,Creeping Renaissance,,137,Commander 2018,English
1,Cultivate,,138,Commander 2018,English
1,Dawn's Reflection,,139,Commander 2018,English
1,Eidolon of Blossoms,,140,Commander 2018,English
1,Enchantress's Presence,,141,Commander 2018,English
1,Epic Proportions,,142,Commander 2018,English
1,Explore,,143,Commander 2018,English
1,Explosive Vegetation,,144,Commander 2018,English
1,Far Wanderings,,145,Commander 2018,English
1,Farhaven Elf,,146,Commander 2018,English
1,Fertile Ground,,147,Commander 2018,English
1,Grapple with the Past,,148,Commander 2018,English
1,Ground Seal,,149,Commander 2018,English
1,Harrow,,150,Commander 2018,English
1,Herald of the Pantheon,,151,Commander 2018,English
1,Hunting Wilds,,152,Commander 2018,English
1,Hydra Omnivore,,153,Commander 2018,English
1,Khalni Heart Expedition,,154,Commander 2018,English
1,Kruphix's Insight,,155,Commander 2018,English
1,Moldgraf Monstrosity,,156,Commander 2018,English
1,Overgrowth,,157,Commander 2018,English
1,Rampaging Baloths,,158,Commander 2018,English
1,Reclamation Sage,,159,Commander 2018,English
1,Sakura-Tribe Elder,,160,Commander 2018,English
1,Scute Mob,,161,Commander 2018,English
1,Snake Umbra,,162,Commander 2018,English
1,Spawning Grounds,,163,Commander 2018,English
1,Vow of Wildness,,164,Commander 2018,English
1,Wild Growth,,165,Commander 2018,English
1,Yavimaya Elder,,166,Commander 2018,English
1,Yavimaya Enchantress,,167,Commander 2018,English
1,Aethermage's Touch,,168,Commander 2018,English
1,Bant Charm,,169,Commander 2018,English
1,"Bruna, Light of Alabaster",,170,Commander 2018,English
1,Charnelhoard Wurm,,171,Commander 2018,English
1,Cold-Eyed Selkie,,172,Commander 2018,English
1,Daxos of Meletis,,173,Commander 2018,English
1,Deathreap Ritual,,174,Commander 2018,English
1,Decimate,,175,Commander 2018,English
1,Duskmantle Seer,,176,Commander 2018,English
1,Elderwood Scion,,177,Commander 2018,English
1,Enigma Sphinx,,178,Commander 2018,English
1,Esper Charm,,179,Commander 2018,English
1,Finest Hour,,180,Commander 2018,English
1,Gaze of Granite,,181,Commander 2018,English
1,Grisly Salvage,,182,Commander 2018,English
1,High Priest of Penance,,183,Commander 2018,English
1,Lavalanche,,184,Commander 2018,English
1,Maverick Thopterist,,185,Commander 2018,English
1,Mortify,,186,Commander 2018,English
1,Putrefy,,187,Commander 2018,English
1,Righteous Authority,,188,Commander 2018,English
1,Rubblehulk,,189,Commander 2018,English
1,Savage Twister,,190,Commander 2018,English
1,Silent-Blade Oni,,191,Commander 2018,English
1,Unflinching Courage,,192,Commander 2018,English
1,Utter End,,193,Commander 2018,English
1,Worm Harvest,,194,Commander 2018,English
1,Zendikar Incarnate,,195,Commander 2018,English
1,Azorius Signet,,196,Commander 2018,English
1,Blinkmoth Urn,,197,Commander 2018,English
1,"Bosh, Iron Golem",,198,Commander 2018,English
1,Chief of the Foundry,,199,Commander 2018,English
2,Commander's Sphere,,200,Commander 2018,English
1,Crystal Ball,,201,Commander 2018,English
1,Darksteel Juggernaut,,202,Commander 2018,English
1,Dimir Signet,,203,Commander 2018,English
1,Dreamstone Hedron,,204,Commander 2018,English
1,Duplicant,,205,Commander 2018,English
1,Hedron Archive,,206,Commander 2018,English
1,Izzet Signet,,207,Commander 2018,English
1,Magnifying Glass,,208,Commander 2018,English
1,Mimic Vat,,209,Commander 2018,English
2,Mind Stone,,210,Commander 2018,English
1,Mirrorworks,,211,Commander 2018,English
1,Myr Battlesphere,,212,Commander 2018,English
1,Orzhov Signet,,213,Commander 2018,English
2,Pilgrim's Eye,,214,Commander 2018,English
1,Prismatic Lens,,215,Commander 2018,English
1,Prototype Portal,,216,Commander 2018,English
1,Psychosis Crawler,,217,Commander 2018,English
1,Scrabbling Claws,,218,Commander 2018,English
1,Scuttling Doom Engine,,219,Commander 2018,English
1,Seer's Lantern,,220,Commander 2018,English
1,Seer's Sundial,,221,Commander 2018,English
4,Sol Ring,,222,Commander 2018,English
1,Soul of New Phyrexia,,223,Commander 2018,English
1,Steel Hellkite,,224,Commander 2018,English
1,Swiftfoot Boots,,225,Commander 2018,English
1,Thopter Assembly,,226,Commander 2018,English
1,Unstable Obelisk,,227,Commander 2018,English
1,Unwinding Clock,,228,Commander 2018,English
1,Vessel of Endless Rest,,229,Commander 2018,English
1,Worn Powerstone,,230,Commander 2018,English
1,Akoum Refuge,,231,Commander 2018,English
1,Arcane Sanctum,,232,Commander 2018,English
2,Azorius Chancery,,233,Commander 2018,English
1,Azorius Guildgate,,234,Commander 2018,English
2,Barren Moor,,235,Commander 2018,English
1,Blighted Woodland,,236,Commander 2018,English
1,Blossoming Sands,,237,Commander 2018,English
1,Bojuka Bog,,238,Commander 2018,English
1,Buried Ruin,,239,Commander 2018,English
4,Command Tower,,240,Commander 2018,English
1,Darksteel Citadel,,241,Commander 2018,English
1,Dimir Aqueduct,,242,Commander 2018,English
1,Dimir Guildgate,,243,Commander 2018,English
1,Dismal Backwater,,244,Commander 2018,English
2,Evolving Wilds,,245,Commander 2018,English
1,Forgotten Cave,,246,Commander 2018,English
1,Forsaken Sanctuary,,247,Commander 2018,English
1,Foundry of the Consuls,,248,Commander 2018,English
1,Golgari Rot Farm,,249,Commander 2018,English
1,Great Furnace,,250,Commander 2018,English
1,Grim Backwoods,,251,Commander 2018,English
1,Gruul Turf,,252,Commander 2018,English
1,Halimar Depths,,253,Commander 2018,English
1,Haunted Fengraf,,254,Commander 2018,English
1,Highland Lake,,255,Commander 2018,English
1,Izzet Boilerworks,,256,Commander 2018,English
1,Izzet Guildgate,,257,Commander 2018,English
1,Jund Panorama,,258,Commander 2018,English
1,Jungle Hollow,,259,Commander 2018,English
1,Jwar Isle Refuge,,260,Commander 2018,English
1,Kazandu Refuge,,261,Commander 2018,English
1,Khalni Garden,,262,Commander 2018,English
1,Krosan Verge,,263,Commander 2018,English
1,Lonely Sandbar,,264,Commander 2018,English
2,Meandering River,,265,Commander 2018,English
1,Mortuary Mire,,266,Commander 2018,English
1,Mosswort Bridge,,267,Commander 2018,English
1,Mountain Valley,,268,Commander 2018,English
1,Myriad Landscape,,269,Commander 2018,English
1,New Benalia,,270,Commander 2018,English
1,Orzhov Basilica,,271,Commander 2018,English
1,Orzhov Guildgate,,272,Commander 2018,English
1,Rakdos Carnarium,,273,Commander 2018,English
1,Rocky Tar Pit,,274,Commander 2018,English
1,Savage Lands,,275,Commander 2018,English
1,Scoured Barrens,,276,Commander 2018,English
1,Seaside Citadel,,277,Commander 2018,English
1,Seat of the Synod,,278,Commander 2018,English
1,Secluded Steppe,,279,Commander 2018,English
1,Sejiri Refuge,,280,Commander 2018,English
1,Selesnya Sanctuary,,281,Commander 2018,English
1,Simic Growth Chamber,,282,Commander 2018,English
1,Submerged Boneyard,,283,Commander 2018,English
1,Swiftwater Cliffs,,284,Commander 2018,English
1,Temple of the False God,,285,Commander 2018,English
2,Terramorphic Expanse,,286,Commander 2018,English
1,Thornwood Falls,,287,Commander 2018,English
2,Tranquil Cove,,288,Commander 2018,English
1,Tranquil Expanse,,289,Commander 2018,English
1,Tranquil Thicket,,290,Commander 2018,English
1,Warped Landscape,,291,Commander 2018,English
1,Woodland Stream,,292,Commander 2018,English
6,Plains,,293,Commander 2018,English
6,Plains,,294,Commander 2018,English
5,Plains,,295,Commander 2018,English
9,Island,,296,Commander 2018,English
9,Island,,297,Commander 2018,English
8,Island,,298,Commander 2018,English
3,Swamp,,299,Commander 2018,English
3,Swamp,,300,Commander 2018,English
3,Swamp,,301,Commander 2018,English
6,Mountain,,302,Commander 2018,English
6,Mountain,,303,Commander 2018,English
5,Mountain,,304,Commander 2018,English
6,Forest,,305,Commander 2018,English
5,Forest,,306,Commander 2018,English
4,Forest,,307,Commander 2018,English
1,"Aminatou, the Fateshifter",foil,37,Oversized: Commander 2018,English
1,"Estrid, the Masked",foil,40,Oversized: Commander 2018,English
1,Lord Windgrace,foil,43,Oversized: Commander 2018,English
1,"Saheeli, the Gifted",foil,44,Oversized: Commander 2018,English
2,Manifest // Angel,,27,Extras: Commander 2018,English
4,Manifest // Zombie,,28,Extras: Commander 2018,English
2,Angel // Cat,,29,Extras: Commander 2018,English
2,Angel // Soldier,,30,Extras: Commander 2018,English
2,Mask // Soldier,,31,Extras: Commander 2018,English
2,Mask // Beast,,32,Extras: Commander 2018,English
1,Mask // Horror,,33,Extras: Commander 2018,English
1,Cat // Soldier,,34,Extras: Commander 2018,English
2,Myr // Thopter,,35,Extras: Commander 2018,English
1,Zombie // Shapeshifter,,36,Extras: Commander 2018,English
3,Angel // Zombie,,37,Extras: Commander 2018,English
2,Token: Dragon Egg // Dragon,,38,Extras: Commander 2018,English
3,Survivor // Myr,,39,Extras: Commander 2018,English
1,Beast // Plant,,40,Extras: Commander 2018,English
1,Cat Warrior // Beast,,41,Extras: Commander 2018,English
1,Cat Warrior // Elemental,,42,Extras: Commander 2018,English
1,Cat Warrior // Plant,,43,Extras: Commander 2018,English
2,Cat Warrior // Worm,,44,Extras: Commander 2018,English
1,Cat Warrior // Thopter,,45,Extras: Commander 2018,English
1,Elemental // Thopter,,46,Extras: Commander 2018,English
1,Clue // Construct,,47,Extras: Commander 2018,English
1,Construct // Myr,,48,Extras: Commander 2018,English
1,Myr // Thopter,,49,Extras: Commander 2018,English
2,Servo // Thopter,,50,Extras: Commander 2018,English
