Count,Name,Foil,Card Number,Edition,Language
2,Helium Squirter,,26,Dissension,English
2,Plaxmanta,,29,Dissension,English
2,Silkwing Scout,,31,Dissension,English
2,Vigean Graftmage,,35,Dissension,English
2,Flash Foliage,,85,Dissension,English
1,Indrik Stomphowler,,86,Dissension,English
1,Protean Hulk,,90,Dissension,English
2,Simic Basilisk,,91,Dissension,English
3,Simic Initiate,,92,Dissension,English
2,Simic Ragworm,,93,Dissension,English
2,Thrive,,98,Dissension,English
2,Coiling Oracle,,107,Dissension,English
1,Experiment Kraj,,110,Dissension,English
3,Vigean Hydropon,,135,Dissension,English
2,Shielding Plax,,147,Dissension,English
1,Simic Guildmage,,148,Dissension,English
1,"Novijen, Heart of Progress",,175,Dissension,English
2,Simic Growth Chamber,,180,Dissension,English
1,Drowned Rusalka,,24,Guildpact,English
1,Starved Rusalka,,97,Guildpact,English
2,Stasis Cell,,66,Ravnica: City of Guilds,English
2,Surveilling Sprite,,67,Ravnica: City of Guilds,English
3,Island,,291,Ravnica: City of Guilds,English
3,Island,,292,Ravnica: City of Guilds,English
3,Island,,293,Ravnica: City of Guilds,English
2,Island,,294,Ravnica: City of Guilds,English
3,Forest,,303,Ravnica: City of Guilds,English
3,Forest,,304,Ravnica: City of Guilds,English
2,Forest,,305,Ravnica: City of Guilds,English
2,Forest,,306,Ravnica: City of Guilds,English
