Count,Name,Foil,Card Number,Edition,Language
2,Beetleback Chief,,40,Planechase 2012,English
1,Fiery Conclusion,,42,Planechase 2012,English
1,Fling,,44,Planechase 2012,English
1,Hellion Eruption,,45,Planechase 2012,English
1,Hissing Iguanar,,46,Planechase 2012,English
1,Mark of Mutiny,,47,Planechase 2012,English
2,Mudbutton Torchrunner,,49,Planechase 2012,English
1,Preyseizer Dragon,,50,Planechase 2012,English
1,Thorn-Thrash Viashino,,52,Planechase 2012,English
2,Thunder-Thrash Elder,,53,Planechase 2012,English
1,Warstorm Surge,,54,Planechase 2012,English
1,Awakening Zone,,56,Planechase 2012,English
2,Brindle Shoat,,60,Planechase 2012,English
1,Gluttonous Slime,,65,Planechase 2012,English
1,Mitotic Slime,,67,Planechase 2012,English
1,Mycoloth,,68,Planechase 2012,English
1,Nest Invader,,69,Planechase 2012,English
1,Nullmage Advocate,,70,Planechase 2012,English
1,Overrun,,72,Planechase 2012,English
1,Penumbra Spider,,73,Planechase 2012,English
2,Tukatongue Thallid,,79,Planechase 2012,English
2,Viridian Emissary,,80,Planechase 2012,English
1,Wall of Blossoms,,81,Planechase 2012,English
1,Dragonlair Spider,,87,Planechase 2012,English
1,Fires of Yavimaya,,92,Planechase 2012,English
1,Hellkite Hatchling,,95,Planechase 2012,English
1,Thromok the Insatiable,,106,Planechase 2012,English
2,Flayer Husk,,110,Planechase 2012,English
1,Fractured Powerstone,,111,Planechase 2012,English
2,Gruul Turf,,119,Planechase 2012,English
2,Kazandu Refuge,,121,Planechase 2012,English
1,Khalni Garden,,122,Planechase 2012,English
1,"Skarrg, the Rage Pits",,127,Planechase 2012,English
1,Terramorphic Expanse,,129,Planechase 2012,English
2,Mountain,,148,Planechase 2012,English
2,Mountain,,149,Planechase 2012,English
2,Mountain,,150,Planechase 2012,English
4,Forest,,153,Planechase 2012,English
4,Forest,,154,Planechase 2012,English
3,Forest,,156,Planechase 2012,English
,,,,,
1,Reality Shaping,,6,Planechase 2012,English
1,Spatial Merging,,7,Planechase 2012,English
1,Furnace Layer,,14,Planechase 2012,English
1,Jund,,20,Planechase 2012,English
1,Kilnspire District,,23,Planechase 2012,English
1,Lair of the Ashen Idol,,24,Planechase 2012,English
1,Orochi Colony,,29,Planechase 2012,English
1,Prahv,,31,Planechase 2012,English
1,Selesnya Loft Gardens,,33,Planechase 2012,English
1,Stensia,,34,Planechase 2012,English
