Count,Name,Card Number,Edition,Language
,Smashing,34,Jumpstart Front Cards,English
1,Thriving Bluff,33,Jumpstart,English
1,Mountain,67,Jumpstart,English
1,Bloodrage Brawler,296,Jumpstart,English
1,Borderland Marauder,300,Jumpstart,English
1,Flames of the Raze-Boar,318,Jumpstart,English
1,Fling,320,Jumpstart,English
1,Hungry Flames,336,Jumpstart,English
1,Bone Pit Brute,132,Core Set 2021,English
1,Furious Rise,144,Core Set 2021,English
1,Heartfire Immolator,150,Core Set 2021,English
1,Onakke Ogre,155,Core Set 2021,English
1,Turret Ogre,169,Core Set 2021,English
1,Volcanic Salvo,172,Core Set 2021,English
1,Short Sword,236,Core Set 2021,English
6,Mountain,,Core Set 2021,English
