Count,Name,Foil,Card Number,Edition,Language
1,"Estrid, the Masked",foil,40,Oversized: Commander 2018,English
1,Empyrial Storm,,2,Commander 2018,English
1,Heavenly Blademaster,,3,Commander 2018,English
1,Loyal Unicorn,,4,Commander 2018,English
1,Estrid's Invocation,,8,Commander 2018,English
1,Ever-Watching Threshold,,9,Commander 2018,English
1,Loyal Drake,,10,Commander 2018,English
1,Octopus Umbra,,11,Commander 2018,English
1,Genesis Storm,,30,Commander 2018,English
1,Loyal Guardian,,31,Commander 2018,English
1,Myth Unbound,,32,Commander 2018,English
1,Nylea's Colossus,,33,Commander 2018,English
1,Ravenous Slime,,34,Commander 2018,English
1,"Arixmethes, Slumbering Isle",,38,Commander 2018,English
1,"Estrid, the Masked",foil,40,Commander 2018,English
1,"Kestia, the Cultivator",foil,42,Commander 2018,English
1,Tuvasa the Sunlit,foil,47,Commander 2018,English
1,Forge of Heroes,,58,Commander 2018,English
1,Ajani's Chosen,,61,Commander 2018,English
1,Celestial Archon,,64,Commander 2018,English
1,Dismantling Blow,,66,Commander 2018,English
1,Martial Coup,,69,Commander 2018,English
1,Phyrexian Rebirth,,70,Commander 2018,English
1,Sage's Reverie,,72,Commander 2018,English
1,Sigil of the Empty Throne,,74,Commander 2018,English
1,Silent Sentinel,,75,Commander 2018,English
1,Soul Snare,,76,Commander 2018,English
1,Unquestioned Authority,,78,Commander 2018,English
1,Winds of Rath,,79,Commander 2018,English
1,Archetype of Imagination,,81,Commander 2018,English
1,Dictate of Kruphix,,86,Commander 2018,English
1,Eel Umbra,,89,Commander 2018,English
1,Vow of Flight,,110,Commander 2018,English
1,Whitewater Naiads,,112,Commander 2018,English
1,Aura Gnarlid,,128,Commander 2018,English
1,Bear Umbra,,131,Commander 2018,English
1,Boon Satyr,,132,Commander 2018,English
1,Creeping Renaissance,,137,Commander 2018,English
1,Dawn's Reflection,,139,Commander 2018,English
1,Eidolon of Blossoms,,140,Commander 2018,English
1,Enchantress's Presence,,141,Commander 2018,English
1,Epic Proportions,,142,Commander 2018,English
1,Fertile Ground,,147,Commander 2018,English
1,Ground Seal,,149,Commander 2018,English
1,Herald of the Pantheon,,151,Commander 2018,English
1,Hydra Omnivore,,153,Commander 2018,English
1,Kruphix's Insight,,155,Commander 2018,English
1,Overgrowth,,157,Commander 2018,English
1,Reclamation Sage,,159,Commander 2018,English
1,Snake Umbra,,162,Commander 2018,English
1,Spawning Grounds,,163,Commander 2018,English
1,Vow of Wildness,,164,Commander 2018,English
1,Wild Growth,,165,Commander 2018,English
1,Yavimaya Enchantress,,167,Commander 2018,English
1,Bant Charm,,169,Commander 2018,English
1,"Bruna, Light of Alabaster",,170,Commander 2018,English
1,Cold-Eyed Selkie,,172,Commander 2018,English
1,Daxos of Meletis,,173,Commander 2018,English
1,Elderwood Scion,,177,Commander 2018,English
1,Finest Hour,,180,Commander 2018,English
1,Righteous Authority,,188,Commander 2018,English
1,Unflinching Courage,,192,Commander 2018,English
1,Sol Ring,,222,Commander 2018,English
1,Azorius Chancery,,233,Commander 2018,English
1,Blossoming Sands,,237,Commander 2018,English
1,Command Tower,,240,Commander 2018,English
1,Evolving Wilds,,245,Commander 2018,English
1,Krosan Verge,,263,Commander 2018,English
1,Meandering River,,265,Commander 2018,English
1,Mosswort Bridge,,267,Commander 2018,English
1,Seaside Citadel,,277,Commander 2018,English
1,Selesnya Sanctuary,,281,Commander 2018,English
1,Simic Growth Chamber,,282,Commander 2018,English
1,Terramorphic Expanse,,286,Commander 2018,English
1,Thornwood Falls,,287,Commander 2018,English
1,Tranquil Cove,,288,Commander 2018,English
1,Tranquil Expanse,,289,Commander 2018,English
1,Woodland Stream,,292,Commander 2018,English
3,Plains,,293,Commander 2018,English
3,Plains,,294,Commander 2018,English
3,Plains,,295,Commander 2018,English
2,Island,,296,Commander 2018,English
2,Island,,297,Commander 2018,English
2,Island,,298,Commander 2018,English
3,Forest,,305,Commander 2018,English
3,Forest,,306,Commander 2018,English
2,Forest,,307,Commander 2018,English
2,Angel // Cat,,29,Extras: Commander 2018,English
2,Angel // Soldier,,30,Extras: Commander 2018,English
2,Mask // Soldier,,31,Extras: Commander 2018,English
2,Mask // Beast,,32,Extras: Commander 2018,English
1,Mask // Horror,,33,Extras: Commander 2018,English
1,Cat // Soldier,,34,Extras: Commander 2018,English
