Count,Name,Foil,Card Number,Edition,Language
2,Armored Griffin,,1,Planechase Anthology,English
1,Auramancer,,2,Planechase Anthology,English
1,Auratouched Mage,,3,Planechase Anthology,English
1,Cage of Hands,,4,Planechase Anthology,English
1,Celestial Ancient,,5,Planechase Anthology,English
2,Felidar Umbra,,6,Planechase Anthology,English
1,Ghostly Prison,,7,Planechase Anthology,English
1,Hyena Umbra,,8,Planechase Anthology,English
1,Kor Spiritdancer,,9,Planechase Anthology,English
1,Mammoth Umbra,,10,Planechase Anthology,English
1,Sigil of the Empty Throne,,11,Planechase Anthology,English
1,Spirit Mantle,,12,Planechase Anthology,English
1,Three Dreams,,13,Planechase Anthology,English
2,Augury Owl,,14,Planechase Anthology,English
1,Cancel,,15,Planechase Anthology,English
1,Concentrate,,16,Planechase Anthology,English
1,Guard Gomazoa,,17,Planechase Anthology,English
1,"Higure, the Still Wind",,18,Planechase Anthology,English
2,Illusory Angel,,19,Planechase Anthology,English
1,Mistblade Shinobi,,20,Planechase Anthology,English
2,Ninja of the Deep Hours,,21,Planechase Anthology,English
1,Peregrine Drake,,22,Planechase Anthology,English
1,Primal Plasma,,23,Planechase Anthology,English
1,Sakashima's Student,,24,Planechase Anthology,English
2,See Beyond,,25,Planechase Anthology,English
1,Sunken Hope,,26,Planechase Anthology,English
1,Walker of Secret Ways,,27,Planechase Anthology,English
1,Wall of Frost,,28,Planechase Anthology,English
1,Whirlpool Warrior,,29,Planechase Anthology,English
2,Assassinate,,30,Planechase Anthology,English
1,Cadaver Imp,,31,Planechase Anthology,English
1,Dark Hatchling,,32,Planechase Anthology,English
1,"Ink-Eyes, Servant of Oni",,33,Planechase Anthology,English
1,Liliana's Specter,,34,Planechase Anthology,English
1,Okiba-Gang Shinobi,,35,Planechase Anthology,English
1,Skullsnatcher,,36,Planechase Anthology,English
1,Throat Slitter,,37,Planechase Anthology,English
2,Tormented Soul,,38,Planechase Anthology,English
1,Arc Trail,,39,Planechase Anthology,English
2,Beetleback Chief,,40,Planechase Anthology,English
1,Erratic Explosion,,41,Planechase Anthology,English
1,Fiery Conclusion,,42,Planechase Anthology,English
2,Fiery Fall,,43,Planechase Anthology,English
1,Fling,,44,Planechase Anthology,English
1,Hellion Eruption,,45,Planechase Anthology,English
1,Hissing Iguanar,,46,Planechase Anthology,English
1,Mark of Mutiny,,47,Planechase Anthology,English
1,Mass Mutiny,,48,Planechase Anthology,English
2,Mudbutton Torchrunner,,49,Planechase Anthology,English
1,Preyseizer Dragon,,50,Planechase Anthology,English
1,Rivals' Duel,,51,Planechase Anthology,English
1,Thorn-Thrash Viashino,,52,Planechase Anthology,English
2,Thunder-Thrash Elder,,53,Planechase Anthology,English
1,Warstorm Surge,,54,Planechase Anthology,English
2,Aura Gnarlid,,55,Planechase Anthology,English
1,Awakening Zone,,56,Planechase Anthology,English
1,Beast Within,,57,Planechase Anthology,English
2,Boar Umbra,,58,Planechase Anthology,English
1,Bramble Elemental,,59,Planechase Anthology,English
2,Brindle Shoat,,60,Planechase Anthology,English
1,Brutalizer Exarch,,61,Planechase Anthology,English
1,Cultivate,,62,Planechase Anthology,English
1,Dowsing Shaman,,63,Planechase Anthology,English
2,Dreampod Druid,,64,Planechase Anthology,English
1,Gluttonous Slime,,65,Planechase Anthology,English
2,Lumberknot,,66,Planechase Anthology,English
1,Mitotic Slime,,67,Planechase Anthology,English
1,Mycoloth,,68,Planechase Anthology,English
1,Nest Invader,,69,Planechase Anthology,English
1,Nullmage Advocate,,70,Planechase Anthology,English
1,Ondu Giant,,71,Planechase Anthology,English
1,Overrun,,72,Planechase Anthology,English
1,Penumbra Spider,,73,Planechase Anthology,English
1,Predatory Urge,,74,Planechase Anthology,English
1,Quiet Disrepair,,75,Planechase Anthology,English
1,Rancor,,76,Planechase Anthology,English
1,Silhana Ledgewalker,,77,Planechase Anthology,English
1,Snake Umbra,,78,Planechase Anthology,English
2,Tukatongue Thallid,,79,Planechase Anthology,English
2,Viridian Emissary,,80,Planechase Anthology,English
1,Wall of Blossoms,,81,Planechase Anthology,English
2,Baleful Strix,,82,Planechase Anthology,English
1,Bituminous Blast,,83,Planechase Anthology,English
2,Bloodbraid Elf,,84,Planechase Anthology,English
1,Deny Reality,,85,Planechase Anthology,English
2,Dimir Infiltrator,,86,Planechase Anthology,English
1,Dragonlair Spider,,87,Planechase Anthology,English
1,Elderwood Scion,,88,Planechase Anthology,English
1,Enigma Sphinx,,89,Planechase Anthology,English
1,Enlisted Wurm,,90,Planechase Anthology,English
1,Etherium-Horn Sorcerer,,91,Planechase Anthology,English
1,Fires of Yavimaya,,92,Planechase Anthology,English
1,Fusion Elemental,,93,Planechase Anthology,English
1,Glen Elendra Liege,,94,Planechase Anthology,English
1,Hellkite Hatchling,,95,Planechase Anthology,English
1,Indrik Umbra,,96,Planechase Anthology,English
1,Inkfathom Witch,,97,Planechase Anthology,English
1,Kathari Remnant,,98,Planechase Anthology,English
1,Krond the Dawn-Clad,,99,Planechase Anthology,English
1,Last Stand,,100,Planechase Anthology,English
1,Maelstrom Wanderer,,101,Planechase Anthology,English
1,Noggle Ransacker,,102,Planechase Anthology,English
1,Pollenbright Wings,,103,Planechase Anthology,English
2,Shardless Agent,,104,Planechase Anthology,English
1,Silent-Blade Oni,,105,Planechase Anthology,English
1,Thromok the Insatiable,,106,Planechase Anthology,English
1,Vela the Night-Clad,,107,Planechase Anthology,English
2,Armillary Sphere,,108,Planechase Anthology,English
1,Farsight Mask,,109,Planechase Anthology,English
2,Flayer Husk,,110,Planechase Anthology,English
4,Fractured Powerstone,,111,Planechase Anthology,English
1,Quietus Spike,,112,Planechase Anthology,English
2,Sai of the Shinobi,,113,Planechase Anthology,English
1,Thran Golem,,114,Planechase Anthology,English
1,Whispersilk Cloak,,115,Planechase Anthology,English
2,Dimir Aqueduct,,116,Planechase Anthology,English
1,Exotic Orchard,,117,Planechase Anthology,English
2,Graypelt Refuge,,118,Planechase Anthology,English
2,Gruul Turf,,119,Planechase Anthology,English
2,Jwar Isle Refuge,,120,Planechase Anthology,English
2,Kazandu Refuge,,121,Planechase Anthology,English
1,Khalni Garden,,122,Planechase Anthology,English
1,Krosan Verge,,123,Planechase Anthology,English
2,Rupture Spire,,124,Planechase Anthology,English
2,Selesnya Sanctuary,,125,Planechase Anthology,English
2,Shimmering Grotto,,126,Planechase Anthology,English
1,"Skarrg, the Rage Pits",,127,Planechase Anthology,English
1,Tainted Isle,,128,Planechase Anthology,English
4,Terramorphic Expanse,,129,Planechase Anthology,English
1,"Vitu-Ghazi, the City-Tree",,130,Planechase Anthology,English
1,Vivid Creek,,131,Planechase Anthology,English
2,Plains,,132,Planechase Anthology,English
2,Plains,,133,Planechase Anthology,English
2,Plains,,134,Planechase Anthology,English
2,Plains,,135,Planechase Anthology,English
2,Plains,,136,Planechase Anthology,English
5,Island,,137,Planechase Anthology,English
3,Island,,138,Planechase Anthology,English
2,Island,,139,Planechase Anthology,English
2,Island,,140,Planechase Anthology,English
2,Island,,141,Planechase Anthology,English
2,Swamp,,142,Planechase Anthology,English
3,Swamp,,143,Planechase Anthology,English
2,Swamp,,144,Planechase Anthology,English
2,Swamp,,145,Planechase Anthology,English
2,Swamp,,146,Planechase Anthology,English
4,Mountain,,147,Planechase Anthology,English
2,Mountain,,148,Planechase Anthology,English
2,Mountain,,149,Planechase Anthology,English
2,Mountain,,150,Planechase Anthology,English
4,Forest,,151,Planechase Anthology,English
3,Forest,,152,Planechase Anthology,English
4,Forest,,153,Planechase Anthology,English
7,Forest,,154,Planechase Anthology,English
3,Forest,,155,Planechase Anthology,English
3,Forest,,156,Planechase Anthology,English
,,,,,
1,Chaotic Aether,,1,Planechase Anthology,English
1,Interplanar Tunnel,,2,Planechase Anthology,English
1,Morphic Tide,,3,Planechase Anthology,English
1,Mutual Epiphany,,4,Planechase Anthology,English
1,Planewide Disaster,,5,Planechase Anthology,English
1,Reality Shaping,,6,Planechase Anthology,English
1,Spatial Merging,,7,Planechase Anthology,English
1,Time Distortion,,8,Planechase Anthology,English
1,Academy at Tolaria West,,9,Planechase Anthology,English
1,The Aether Flues,,10,Planechase Anthology,English
1,Agyrem,,11,Planechase Anthology,English
1,Akoum,,12,Planechase Anthology,English
1,Aretopolis,,13,Planechase Anthology,English
1,Astral Arena,,14,Planechase Anthology,English
1,Bant,,15,Planechase Anthology,English
1,Bloodhill Bastion,,16,Planechase Anthology,English
1,Celestine Reef,,17,Planechase Anthology,English
1,Cliffside Market,,18,Planechase Anthology,English
1,The Dark Barony,,19,Planechase Anthology,English
1,Edge of Malacol,,20,Planechase Anthology,English
1,Eloren Wilds,,21,Planechase Anthology,English
1,The Eon Fog,,22,Planechase Anthology,English
1,Feeding Grounds,,23,Planechase Anthology,English
1,Fields of Summer,,24,Planechase Anthology,English
1,The Fourth Sphere,,25,Planechase Anthology,English
1,Furnace Layer,,26,Planechase Anthology,English
1,Gavony,,27,Planechase Anthology,English
1,Glen Elendra,,28,Planechase Anthology,English
1,Glimmervoid Basin,,29,Planechase Anthology,English
1,Goldmeadow,,30,Planechase Anthology,English
1,Grand Ossuary,,31,Planechase Anthology,English
1,The Great Forest,,32,Planechase Anthology,English
1,Grixis,,33,Planechase Anthology,English
1,Grove of the Dreampods,,34,Planechase Anthology,English
1,Hedron Fields of Agadeem,,35,Planechase Anthology,English
1,The Hippodrome,,36,Planechase Anthology,English
1,Horizon Boughs,,37,Planechase Anthology,English
1,Immersturm,,38,Planechase Anthology,English
1,Isle of Vesuva,,39,Planechase Anthology,English
1,Izzet Steam Maze,,40,Planechase Anthology,English
1,Jund,,41,Planechase Anthology,English
1,Kessig,,42,Planechase Anthology,English
1,Kharasha Foothills,,43,Planechase Anthology,English
1,Kilnspire District,,44,Planechase Anthology,English
1,Krosa,,45,Planechase Anthology,English
1,Lair of the Ashen Idol,,46,Planechase Anthology,English
1,Lethe Lake,,47,Planechase Anthology,English
1,Llanowar,,48,Planechase Anthology,English
1,The Maelstrom,,49,Planechase Anthology,English
1,Minamo,,50,Planechase Anthology,English
1,Mirrored Depths,,51,Planechase Anthology,English
1,Mount Keralia,,52,Planechase Anthology,English
1,Murasa,,53,Planechase Anthology,English
1,Naar Isle,,54,Planechase Anthology,English
1,Naya,,55,Planechase Anthology,English
1,Nephalia,,56,Planechase Anthology,English
1,Norn's Dominion,,57,Planechase Anthology,English
1,Onakke Catacomb,,58,Planechase Anthology,English
1,Orochi Colony,,59,Planechase Anthology,English
1,Orzhova,,60,Planechase Anthology,English
1,Otaria,,61,Planechase Anthology,English
1,Panopticon,,62,Planechase Anthology,English
1,Pools of Becoming,,63,Planechase Anthology,English
1,Prahv,,64,Planechase Anthology,English
1,Quicksilver Sea,,65,Planechase Anthology,English
1,Raven's Run,,66,Planechase Anthology,English
1,Sanctum of Serra,,67,Planechase Anthology,English
1,Sea of Sand,,68,Planechase Anthology,English
1,Selesnya Loft Gardens,,69,Planechase Anthology,English
1,Shiv,,70,Planechase Anthology,English
1,Skybreen,,71,Planechase Anthology,English
1,Sokenzan,,72,Planechase Anthology,English
1,Stairs to Infinity,,73,Planechase Anthology,English
1,Stensia,,74,Planechase Anthology,English
1,Stronghold Furnace,,75,Planechase Anthology,English
1,Takenuma,,76,Planechase Anthology,English
1,Talon Gates,,77,Planechase Anthology,English
1,Tazeem,,78,Planechase Anthology,English
1,Tember City,,79,Planechase Anthology,English
1,Trail of the Mage-Rings,,80,Planechase Anthology,English
1,Truga Jungle,,81,Planechase Anthology,English
1,Turri Island,,82,Planechase Anthology,English
1,Undercity Reaches,,83,Planechase Anthology,English
1,Velis Vel,,84,Planechase Anthology,English
1,Windriddle Palaces,,85,Planechase Anthology,English
1,The Zephyr Maze,,86,Planechase Anthology,English
,,,,,
1,Eldrazi // Eldrazi Spawn,,1,Extras: Planechase Anthology,English
1,Eldrazi // Eldrazi Spawn,,2,Extras: Planechase Anthology,English
1,Eldrazi // Eldrazi Spawn,,3,Extras: Planechase Anthology,English
3,Angel // Saproling,,4,Extras: Planechase Anthology,English
6,Goat // Insect,,5,Extras: Planechase Anthology,English
2,Germ // Goblin,,6,Extras: Planechase Anthology,English
1,Saproling // Spider,,7,Extras: Planechase Anthology,English
4,Hellion // Zombie,,8,Extras: Planechase Anthology,English
3,Dragon // Saproling,,9,Extras: Planechase Anthology,English
2,Boar // Goblin,,10,Extras: Planechase Anthology,English
6,Goblin // Saproling,,11,Extras: Planechase Anthology,English
1,Beast // Saproling,,12,Extras: Planechase Anthology,English
2,Ooze // Ooze,,13,Extras: Planechase Anthology,English
2,Ooze // Plant,,14,Extras: Planechase Anthology,English
