Count,Name,Foil,Card Number,Edition,Language
1,"Ghired, Conclave Exile",foil,,Oversized: Commander 2019,English
1,"Ghired, Conclave Exile",foil,,Commander 2019,English
1,"Garruk, Primal Hunter",,,Commander 2019,English
1,Angel of Sanctions,,,Commander 2019,English
1,"Atla Palani, Nest Tender",foil,,Commander 2019,English
1,Cliffside Rescuer,,,Commander 2019,English
1,Desolation Twin,,,Commander 2019,English
1,Doomed Artisan,,,Commander 2019,English
1,Dragonmaster Outcast,,,Commander 2019,English
1,Emmara Tandris,,,Commander 2019,English
1,Feldon of the Third Path,,,Commander 2019,English
1,Flamerush Rider,,,Commander 2019,English
1,Garruk's Packleader,,,Commander 2019,English
1,Giant Adephage,,,Commander 2019,English
1,Heart-Piercer Manticore,,,Commander 2019,English
1,"Marisi, Breaker of the Coil",foil,,Commander 2019,English
1,Ohran Frostfang,,,Commander 2019,English
1,Rampaging Baloths,,,Commander 2019,English
1,Roc Egg,,,Commander 2019,English
1,Sakura-Tribe Elder,,,Commander 2019,English
1,Scaretiller,,,Commander 2019,English
1,Selesnya Eulogist,,,Commander 2019,English
1,Soul of Zendikar,,,Commander 2019,English
1,"Tahngarth, First Mate",,,Commander 2019,English
1,Tectonic Hellion,,,Commander 2019,English
1,Thragtusk,,,Commander 2019,English
1,"Trostani, Selesnya's Voice",,,Commander 2019,English
1,Vitu-Ghazi Guildmage,,,Commander 2019,English
1,Voice of Many,,,Commander 2019,English
1,Wayfaring Temple,,,Commander 2019,English
1,Wingmate Roc,,,Commander 2019,English
1,Cultivate,,,Commander 2019,English
1,Explore,,,Commander 2019,English
1,Farseek,,,Commander 2019,English
1,Full Flowering,,,Commander 2019,English
1,Ghired's Belligerence,,,Commander 2019,English
1,Harmonize,,,Commander 2019,English
1,Hate Mirage,,,Commander 2019,English
1,Hour of Reckoning,,,Commander 2019,English
1,Phyrexian Rebirth,,,Commander 2019,English
1,Shamanic Revelation,,,Commander 2019,English
1,Beast Within,,,Commander 2019,English
1,Druid's Deliverance,,,Commander 2019,English
1,Fresh Meat,,,Commander 2019,English
1,Momentous Fall,,,Commander 2019,English
1,Naya Charm,,,Commander 2019,English
1,Rootborn Defenses,,,Commander 2019,English
1,Second Harvest,,,Commander 2019,English
1,Slice in Twain,,,Commander 2019,English
1,Sundering Growth,,,Commander 2019,English
1,Trostani's Judgment,,,Commander 2019,English
1,Idol of Oblivion,,,Commander 2019,English
1,Lightning Greaves,,,Commander 2019,English
1,Mimic Vat,,,Commander 2019,English
1,Sol Ring,,,Commander 2019,English
1,Soul Foundry,,,Commander 2019,English
1,Colossal Majesty,,,Commander 2019,English
1,Commander's Insignia,,,Commander 2019,English
1,Elemental Bond,,,Commander 2019,English
1,Growing Ranks,,,Commander 2019,English
1,Intangible Virtue,,,Commander 2019,English
1,Song of the Worldsoul,,,Commander 2019,English
1,Ash Barrens,,,Commander 2019,English
1,Blossoming Sands,,,Commander 2019,English
1,Boros Garrison,,,Commander 2019,English
1,Cinder Glade,,,Commander 2019,English
1,Command Tower,,,Commander 2019,English
1,Evolving Wilds,,,Commander 2019,English
1,Exotic Orchard,,,Commander 2019,English
1,Gargoyle Castle,,,Commander 2019,English
1,Graypelt Refuge,,,Commander 2019,English
1,Gruul Turf,,,Commander 2019,English
1,Jungle Shrine,,,Commander 2019,English
1,Kazandu Refuge,,,Commander 2019,English
1,Krosan Verge,,,Commander 2019,English
1,Myriad Landscape,,,Commander 2019,English
1,Naya Panorama,,,Commander 2019,English
1,Rogue's Passage,,,Commander 2019,English
1,Rugged Highlands,,,Commander 2019,English
1,Selesnya Sanctuary,,,Commander 2019,English
1,Sungrass Prairie,,,Commander 2019,English
1,Terramorphic Expanse,,,Commander 2019,English
4,Plains,,288,Commander 2019,English
3,Plains,,290,Commander 2019,English
2,Mountain,,297,Commander 2019,English
2,Mountain,,299,Commander 2019,English
4,Forest,,300,Commander 2019,English
4,Forest,,302,Commander 2019,English
1,Bird // Sculpture,,30,Extras: Commander 2019,English
1,Bird // Sculpture,,31,Extras: Commander 2019,English
1,Angel of Sanctions // Horror,,34,Extras: Commander 2019,English
1,Heart-Piercer Manticore // Dragon,,35,Extras: Commander 2019,English
1,Beast // Wurm,,39,Extras: Commander 2019,English
1,Beast // Wurm,,40,Extras: Commander 2019,English
1,Centaur // Egg,,41,Extras: Commander 2019,English
1,Rhino // Egg,,44,Extras: Commander 2019,English
1,Gargoyle // Egg,,47,Extras: Commander 2019,English
1,Eldrazi // Egg,,49,Extras: Commander 2019,English
